Language,000 Autonym 自称,001 Sky 天,002 Earth 地,003 Sun 太阳,004 Moon 月亮,005 Star 星星,006 Air 空气,007 Thundering (打)雷,008 Lightening 闪电,009 Earthquake 地震,010 Cloud 云,011 Wind 风,012 Rain 雨,013 Snow 雪,014 Water 水,015 Mountain 山,016 Cliff 悬崖,017 Fire 火,018 (fire) Smoke 烟子,019 Gold 金,020 Silver 银,021 Copper 铜,022 Iron 铁,023 Stone 石头,024 Year 年,025 Month 月,026 Day 日,027 Human being 人,028 Adult 大人,029 Speech 话,030 Life 生命,031 Physical strength 力量,032 Dream 梦,"033 Spirit, Soul 灵魂",034 A celestial being 神仙,035 Ghost 鬼,036 Corpse 尸体,037 Medicine 药,038 Body 身体,039 Head 头,040 Hair 头发,041 Eye 眼睛,042 Nose 鼻子,043 Ear 耳朵,044 Mouth 嘴巴,045 Tooth 牙齿,046 Tongue 舌头,047 Hand 手,048 Belly 肚子,049 Waist 腰,050 Foot 脚,051 Bone 骨头,052 Skin 皮肤,053 Blood 血,054 Stomach 胃,055 Heart 心,056 Liver 肝,057 Lung 肺,058 Gall bladder 胆,059 Intestine 肠,060 Tail 尾巴,061 Mole 痣,062 Sinew 筋,063 Sweat 汗,064 Pus 脓,065 Excrement 屎,066 Urine 尿,067 Father 父亲,068 Mother 母亲,069 Mother’s brothers 舅舅,070 Son 儿子,071 Daughter 女儿,072 Brother’s son 侄子,073 Money 钱,074 Seed 种子,075 Food; cooked rice 米饭,076 Paddy rice 稻子,077 Buckwheat 荞麦,078 Barley 大麦,079 Wheat 小麦,080 Soybean 豆子,081 Mushroom 菌子,082 (pork) Oil (猪)油,083 Salt 盐,084 Liquor 酒,085 Meat 肉,086 Road 路,087 Bridge 桥,088 House 房子,089 Bed 床,090 Door 门,091 Pants 裤子,092 Needle 针,093 Thread 线,094 Cattle 牛,095 Horse 马,096 Sheep 绵羊,097 Goat 山羊,098 Chicken 鸡,099 Wing 翅膀,100 Egg 蛋,101 Pig 猪,102 Dog 狗,103 Louse 虱子,104 Cat 猫,105 Monkey 猴子,106 Tiger 老虎,107 Leopard 豹子,108 Barking deer 麂子,109 River deer 獐子,110 Fox 狐狸,111 Rabbit 兔子,112 Mouse 耗子,113 Snake 蛇,114 Worm 虫子,115 Bird 鸟,116 Hawk 鹰,117 Bee 蜜蜂,118 Frog 青蛙,119 Fish 鱼,120 Tree 树,121 Root 根,122 Leaf 叶子,123 Bamboo 竹子,124 Flower 花,125 Grass 草,126 Thorn 荆刺,127 Speak 说,128 Laugh 笑,129 Cry 哭,130 Scold 骂,131 Sit 坐,132 Close (eyes) 闭,133 Blow (nose) 擤,"134 Chew, bite 嚼, 咬","135 Lick, lap 舔",136 Swallow 吞,137 Blow (fire) 吹(火),138 Come 来,139 Arrive 到,"140 Jump, pulse 跳 (高), (脉)跳",141 Watch 看,142 Listen 听,143 Eat 吃,144 Drink 喝,145 Sleep 睡觉,"146 Stand up, rise  站",147 Ride 骑,148 Wear (a hat /shoes) 戴,149 Wear (a garment) 穿(衣服),150 Carry on the back 揹,151 Burn 烧,152 Climb up (a tree) 攀(树),153 Give 给,154 Lose (sth.) 丢失,155 Pick up (sth.) 捡,156 Look for (sth.) 找,157 Steal 偷,"158 Rob, loot  抢",159 Chase after 追赶,"160 Push, shove 推","161 Hide (self, sth.) 藏","162 Frighten, scare 吓",163 Hit (someone) 打,164 Kill 杀,"165 Jab, poke 戳",166 Shoot (an arrow) 射,167 Whet (a knife) 磨(刀),168 Chop down (a tree) 砍,"169 Press, push down 压",170 Knead (dough) 揉(面),171 Twist (hemp fibers) 搓,172 Braid 编(辫子),173 Weave (a basket) 编(篮子),174 Pull up (weeds) 拔(草),175 Shave (the head) 剃(头发),"176 Sieve, sift 筛","177 Pestle, pound 摏","178 Ladle out, scoop up 舀",179 Sweep (floor) 扫(地),180 Open (the door) 开(门),181 Shut (the door) 关(门),182 Hold in the arms 抱,183 Roll up (cloth) 捲,184 Pull or Lead (caw) 牵,185 Dig out 挖,"186 Do, make 做",187 Thread (a needle) 穿(针),188 Put out to pasture 放牧,189 Dye 染,190 Wash (face/clothes) 洗(脸/衣服),191 Leak (barrel) 漏(水),192 Dry (clothes in the sun) 晒,193 Warm oneself by fire 烤(火),194 Fumigate 熏,195 Rest 休息,196 Turn over (on bed) 翻身,197 Comb (v.) 梳(头),198 Take off (clothes) 脱(衣),"199 Exchange, change 交换, 换(衣)",200 Choose 挑选,201 Raise (livestock) 养(动物),202 Crawl (on the floor) 爬,203 Grow up 长大,204 Play 玩,205 Call (sb.) 叫 (人),206 Buy 买,207 Sell 卖,208 Borrow (tool/money) 借 (工工/钱),209 Own (money) 欠(钱),210 Have (money) 有(钱),211 Be at (home) 在(家),212 Be 是,213 Know how to do 会(做),"214 Stick down, glue 粘",215 Sunrise 日出,216 (wind) Blow 刮(风),"217 (snow, rain) Fall 下(雪/雨)",218 Float 漂浮,219 Blossom (flowers) (花)开,220 Bear (fruit) 结(果),221 Drop (leaves) (叶)落,222 Collapse (house) 倒塌,223 (Horses) Carry (loads) 驮,224 Fly 飞,225 (wasps) Sting (蜂)蜇,226 (snow) Dissolve (雪)融化,227 (water) Boil(水)涨开,228 Sick 生病,229 Feel dizzy or giddy 晕,230 (tissue) Swell 肿胀,231 Contaminate 传染,"232 Cook, decoct 煮, 熬",233 Die 死,234 Teach 教,235 Learn 学,236 Write 写,237 Count (numbers) 数(数字),238 Resemble 像,239 Recognize (sb.) 认识,240 Big 大,241 Small 小,242 Long 长,243 Short 短,244 Wide (in diameter) 粗,245 Thin (in diameter) 细,246 Thick 厚,247 Thin 薄,248 Far 远,249 Near 近,"250 Many, much 多",251 Deep (water) 深,252 Shallow (water) (水)浅,253 Straight (stick) (木条) 直,"254 Bent, crooked 弯",255 Light (weight) (重量)轻,256 Heavy 重,257 Soft 软,258 Hard 硬,259 Dry (adj.) (晒)干,260 Wet 湿,261 (meat) Fat 肥,262 New 新,"263 Old, used 旧",264 Black 黑,265 White 白,266 Red 红,267 Yellow 黄,"268 Cold (weather, water) 冷",269 Hot (weather) 热,270 Sour 酸,271 Sweet 甜,"272 Bitter, Salty 苦, 咸",273 Thirsty 渴,274 Overeat 饱,275 Hungry 饿,276 Enough 够,277 Be filled up (with water) 装满(水),278 Itchy 痒,279 Drunken 醉,280 Insane 疯,281 Slippery (road) (路)滑,282 Poor 穷,283 Rich 富,284 Sharp (knife) 锋利,"285 I, me 我",286 You 你,"287 He, she 他, 她",288 One 一,289 Two 二,290 Three 三,291 Four 四,292 Five 五,293 Six 六,294 Seven 七,295 Eight 八,296 Nine 九,297 Ten 十,298 Hundred 百,"299 Pair (CL, shoes) 双",300 CL (for persons) 个
*PL,---,mo2,ʔ-mre1ʦa2,"mo2, (ʔ)-ne1",bəla3,(ʔ)-gray1,C-sakL (=breath),"gyan2, gro2",b-lyapL,---,mo1C-dim1,le1,r-ywa/we1,---,"re1ʔ-grakH, laŋ1",kaŋ1,---,C-mi2,ko2,s-rwe1,"plu1, C-ŋwe1",gre2,xam1,"k-lokL, C-rakL","s-nikH, C-kokL",bəla3,(ʔ)ne3,ʦaŋ1,---,"daŋ2, ka(ŋ)2",C-sakL (=breath),ra2,C-makH,ʔ-la1,"re1, sa1",C-natL,---,C-nakHʦipL/ʦe2,---,"u2, ʔ-du2, ʔ-koŋ2",ʔ-ʦam1kriŋ1,(C)-myakH,s-na1kaŋ2,(C)-na2ʔ-baŋ1,(C)-me2/mokL,swa2,ʔ-l(y)a1,lakL,wam2,gyaw2/apL,kre1,ʃə-ro2,re1,swe2,(ʃ)-wutL,ni3,(ʃ)-sin2,"(ʃ)-papL, ʦi2 / ʦutH",C-ʔ-kre1,ʔu1,daŋ1ʔ-mri2,---,(ʃ)-gru2,ʔ-krwe2,m-bliŋ1,ʔ/k(l)e2,"m-ji2, ʃi2",ʔəpa3,"ʔəC-ma3, ʔəyan3",ʔəri1,ʒa2,C-mi2,---,---,"yo2, je3","maŋ2, haŋ2",can1,---,---,---,"s-nökH, ʔ-bay2/atH",s-mo1,xa2,(t)sa2,ji1,xa2,ʔ-ga(ŋ)1,ʣam1,yim1,---,"ya1/la1mikL, k/go2/3",ʔ-/k-la2,g-rapL,g-rapL kriŋ1,"nwa2, ʔ-myaŋ1",mraŋ2,ʒo1,(k)-citL,k-rakH,doŋ1,u3,wakL,kwe2,xan1,"ni1, mi1",myokL,k-la2,k-zikL,kye1,---,---,"taŋ2, loŋ2/1",(k)-rwakH,"m-rwe1, laŋ1",bu1/2 di1,s-ŋyakH,(k)-ʣwan1,bya2,k-ʔ-pa2,ŋa2,"sikH, baŋ2, ʣin1","m-je1/m-ge3, mlik/g-likL",C-pakL,"wa2, ma1",k-watH,(C)-mrukL,"cu2, g(y)oŋ3","yaw3, ʣe2, ʔukH",ray1,ŋo1,---,(c)n/ʔ-mi1,---,---,"(g)wa2, m-bayt2; C-ʦatL, C-kukL",m-lyakL,myo(k)1/LS,s-mutH,la1,(k)-rokH/L,ʔ-bokH,ʔ-mraŋ1,ʔ-na1,ʣa2,m-daŋ1,yipL,"ʔ-raypL, ʔ-tu/oŋ1",ʣi2,m-dum1,"watL, ʔ/kupH","bo2, bakL","sədukL, dukL",ʔ-dakH,be2,---,C-xakL,x-ra1,ko2,---,---,---,"wakL, səwatL",(sə)-grokH,"m-tokH, m-di2",C-satL,"m-gya/gay2, m-ʦapH",(ʔ)-m-pokH,si2,m-cikH,C-ɲapL,---,"s-yökL, b-lökL",---,rakL,---,---,---,---,---,sutH,"pwaŋ3, bloŋ3","hapH, pi2",---,C-lim3,---,m-du2,"ʔ-tan1, ʔ-um1",---,---,---,"ʦe2/etL, klo2",---,---,---,---,---,---,ʔ-pi2,---,ʔ-pa2,---,m-yu1,---,---,"m-gre2, ʔ-ga3","ku1, kaw1",way1,(k)-rwaŋa2,"s-ŋa2, kye2",---,jaŋ1,C-plekL,---,"s-yökL, b-lökL",---,rakL,s-mutH,(sə)-gla3,---,---,---,"(sə)-gla3, (ʔ)ʦe1",---,---,(b)-yam1,---,---,"C-ʣakH, m-bi1/2",C-na1,---,C-pwam2/apL,---,---,ʃe2,s-ma2,"m-ʣaŋ1, saŋ1",m-bupL,(k)-raw1,---,si2,"k/ʔ-ri2, ʔəri3, ʔəri1",n-yay1,"s/m-riŋ1, s/m-riŋ3, s/m-riŋ1",ʔ/s-n-yum1,---,---,tu1,"ba2, C-jokL","we2, ʔəwe3, ʔəwe1",b-ni2,"C-mya2, ʔə-C-mya3, ʔə-C-mya1",---,---,"(C)-dwaŋ1, te2","səgokL, gokL",---,C-li2,C-nu2,krokH,"(s)-we2, gwe3","(s)-ɲakH/L, ʔ-jwap/atH",ʦi1,C-ʃikL,"ʔ-bi2, ʔ-li1",C-nakH,plu1,ʔ-ni1,s-rwe1,C-grakH,ʔ-loŋ1,ʔ-kyin1,kyo1,ka2,C-sipL,m-bliŋ3,C-mwatL,lokL,---,"g-ya2, m-ʦikH",yetH,"ru2, ʔ-butH",---,---,---,takH,(C)-ŋa1,naŋ1,"ʒaŋ2, su1",t/di2,s-ni(k)2/L,C-sum2,b-le2,ŋa2,C-krokL,C-ʃi(k)2/L,C-yetL,go2,ʦay1,C-ra1,"ʔ-ʣum1, gu2","ma1, ra2"
*PLB,---,məw2,,---,s/ʔ-la3; s-la3,ʔ-grəy1,C-sakL,trekH ~ ʔtrekH,trekH ~ ʔtrekH,---,dim1,---,---,---,---,---,---,"mey2 , s/ʔ-mey2",kəw2,s-rwəy1,---,grəy2,syam1,k-lokH ~ k-loŋ,ȼ-krokL,---,---,ʦaŋ1,---,---,C-sakL (=breath),---,s-makH ~ s-maŋ; s-makH,"hla3, s-la1/3",---,natL ~ nan2,---,---,guŋ1,ʔu2,ʦam1,(s-)myakH; s-myakH,---,ʔ-na2,---,ǆway1,---,lakL; g-lakL,p-wam2,gyokL ~ ǆokL; gyukL,---,rəw2,---,---,ʔwikL; p-wam2,s-nikH ~ s-niŋ3 ~ s-ni3,---,ʔ-ʦutH ~ ʦi2; ʦəy2,---,wu1,m-ba3,---,---,ʔ-grwəy2,m-blen1,z/žaŋ2,"m-(d)z(y)əy2, tši2/N-(d)žəy2",---,---,---,---,za2-mi2’3,---,---,yəw2,"ǆa1, haŋ2",ʣa1,g-ra2,zəy2,---,(s-)nokH; s-nukH,ʔ-məw1,---,ʦa2,m-ʣəy1,---,lam2/3,ʣam1,yim1,---,---,ʔ-la2 (PL),rapL ~ k-rapH,kriŋ1,---,mraŋ2,---,"V-ciːtL; ȼ-citL, C-tšiːtL",k-rakH,duŋ1,ʔu3,wakL; pwakL,kʷəy2,san1/2,k-roŋ1,"myokL; myukL, s-myukH",k-la2,zikL,d-kəy1,---,---,---,"k-r-wakH, b-yəw","m-r-wəy1, wəy1 (PL)","bəw2, di2",s-ŋ(y)akH,ʣwan1,bya2,"ʔ-ba2, ʔ-dikL ~ ʔdekL",---,sikH,---,V-pakL; ȼ-pakL,wa2,sə-watH; s-watH,s-yəy2,---,---,ray1,ŋəw1,ʔ-klakH/m-klakH,---,---,---,"NgwapL, ȼ-ʦatL; m-gʷya1/2, m-gwaL",m-lyakL ~ ʔlyakL,"myukL ~ myəw1, m-yukL",s-mutH,---,---,ʔ-pökH,---,---,ǆa2,m-daŋ1/m-doŋ1,yipL/yupL ~ ʔ-yipL,ʔrapL; ʔ-rapL,---,---,"wikL~ ʔwikL; gwa2, watL / ʔ-watL",bəw2,"dukL, ʔ-dukL",NtakH; ʔ-takL,"bekL, bəy2",---,k-rokH; k-rukH,---,kəw2,---,rakL ~ NgakL,ȼ-cakL,"wakL ~ ʔwakL; ʔ-wakL, s-pwak","NkrokH, ʔkrokH; m-krok/ʔ-krok",NgyökL,C-satL,NʦukH ~ ʔʦukH,NpökH ~ ʔpökH/ʔbökL; m-pökH,sökH,sikH ~ siŋH,nipL ~ ʔnipL ~ ʔnyitL; ʔ-nipL,---,---,---,rakL ~ wakL ~ takH/dakL ~ k-rakH,ʔcwatH,---,---,---,C-kapL,sutH ~ sitH,pwaŋ3,---,---,lipL,---,gəw2,---,---,NkakH ~ ʔkakH; ʔ-klakH/glakH,---,ʦ(y)əy2,---,ʔ-lapL,---,---,na2,"pupH, pyapH",ʔ-gʷəy2 (PL) ~ bri2; ʔ-gʷi(y)2,---,---,---,---,NkakH; m-kakH,---,ǆay2,---,way1,---,kəy2,---,---,---,ray ~ wap,---,ʔnyakL; ʔ-nyakL,NtwakH ~ ʔtwakH; ʔ-twakH,---,---,---,---,---,---,ʔ-pakH,---,byam1,---,---,gyakL ~ ʔgyakL; ʔ-glakL,---,---,"m-pwam2/3 , C-pwapL",---,---,səy1,ʔ-ma1/2,---,NbukL ~ NpukH,---,su2,sey2/3,k-ri(y)2,ʔ-zəy1/2,---,---,---,---,---,---,wəy2,---,mra2,nakL ~ ʔnakL; ʔ-nakL,---,tan2,gokL,---,---,now2,---,ʔkrakH,(s-)nyakH,ʦ(y)i1,C-šikL ~ V-šikL,---,"(s-)nakH; nakL, s-nakH",plu1,ʔ-ni1,---,NkrakH ~ ʔkrakH ; m-krakH ~ ʔ-krakH,---,---,kyəw1,---,C-sipL,NpupH; ʔ-bliŋ1,mwatL ~ ŋ(w)atL,lokL,---,NʦikH,yitL,ru2,---,---,---,takH ~ ȼ-takL; takH,ŋa1,naŋ1,zaŋ2,"C-tikL, ti2",nitL ~ ni2 ~ ʔnitL; ʔ-nitL~ ni2,sum2,"ʔ-ləy2, b-ləy2",ŋa2,C-krokL,"s-nitL (PL: N-šitL ~ si2),  ʔ-nitL ~ ši2)",ʔritL; ʔ-ritL,gəw2,ʦay1,---,ʣum3,m-rəy1
*PLB(Matisoff),---,---,---,---,---,---,---,---,---,---,---,---,---,wa2,rəy1,---,---,---,---,---,---,---,---,---,---,---,---,---,---,---,---,---,---,---,---,---,---,---,---,---,---,---,---,---,---,---,---,---,---,---,---,---,---,---,---,---,---,---,---,---,---,---,---,---,---,---,---,---,---,---,---,---,---,---,---,---,---,---,---,---,---,---,---,---,---,---,---,---,---,---,---,---,---,---,---,---,---,---,---,---,---,---,---,---,---,---,---,---,---,---,---,---,---,---,---,---,---,---,---,---,---,---,---,---,---,---,---,---,---,---,---,---,---,---,---,---,---,---,---,---,---,---,---,---,---,---,---,---,---,---,---,---,---,---,---,---,---,---,---,---,---,---,---,---,---,---,---,---,---,---,---,---,---,---,---,---,---,---,---,---,---,---,---,---,---,---,---,---,---,---,---,---,---,---,---,---,---,---,---,---,---,---,---,---,---,---,---,---,---,---,---,---,---,---,---,---,---,---,---,---,---,---,---,---,---,---,---,---,---,---,---,---,---,---,---,---,---,---,---,---,---,---,---,---,---,---,---,---,---,---,---,---,---,---,---,---,---,---,---,---,---,---,---,---,---,---,---,---,---,---,---,---,---,---,---,---,---,---,---,---,---,---,---,---,---,---,---,---,---,---,---,---,---,---,---,---,---,---,---,---,---
*PN,"*ni2, *phu2, *maŋ1","*mu1, *muŋ1",*mri1,*mjiʔHŋgjɯ1,*slo2bo2,*(mu1)krɯy1,*soʔL,*ku1,*sliʔL,*liʔH,*(mu1) ti1,*(mu1)sli1,"*mu1ɣro1, *mo1",*ɣwo1,*ɣri1,"*bom1, *gwoŋ1, *la3",*ʔɣaL,*mi1to3,*mu1khu1,*sri1,"*phlu1, *ŋwɯ1",*grɯ1,*xam1,*klokH (mo2),*khokL,*(bo2)slɯ2,*sni2,"*ʦhaŋ1, *ʦho1",*ʦho1ɣri1,"*do2, *xo2",*ʔo1ko1,*ɣraŋ1,*ipLmakL,*ri1sla1,*si1,*ŋitH,*mo1,*na1ʦhi1,*guŋ2po1,*ʔu1,*ʔu1ʦham1,*myakH,"*sna1biʔL, *sna1khoŋ1",*sna1po1,"*ŋwi2pu2, *khɯ1",*ǳwy1,*s/ʔ-lo1,*lakL,"*wam2, poŋ3",*gjoʔL,*khri1,*ɣrwɯ2,"*ŋgjɯ1 (*kuk1, *xɯ1)",*swi1,*xi3,*snjik1mo2,*si2,*ʦhut2,*kri1,*ɣwu1,*s/ʔ-mru2,*khwɯ1,*gru1,*krwɯ2,"*mbliŋ1, *ŋgi1",*khji1,*zi1,"*ʔa1bo1, *ʔa1ti1",*ʔa1mo1,"*ʔa1ɣɯ1, *ʔo1nji1",*zu1,*mi1,*ndu1,*ǳrɯ1,*sru2,*ʣa1,*trhə1,*ŋgo1,*zu2,*sra1,*nokH,*s-mu1,*ʦhɯ1,*ʦha1,*nʥi1,*xo1,*ga1,*nʣam1,*xim1,*gɯ1,"*ŋgwi2, *ko1",*ʔ/s-laʔL,*krapL,*khriŋ1,"*nji1, *lɯ1","*smraŋ1, *mu1",*roŋ1,*ʨhitL,*krakH,*duŋ1(lakL),"*ʔlu3, *ʔvu3",wakL,*khwɯ1,*sxi1,*ʔa1njaʔH,*ʔa1mjokL,*laʔL,*ziʔL,*khjɯ1,*lɯ1,*ʔa1dju1,*thɯ2slɯ2,*krwakH,*bu1xrɯ1,*bu1di1,*sŋakH,*ʣwan3,"*bla1, *ʥi1",*ʔo3kpa1,*sŋɯ1,*sikH,*nʥi2,"*pakL, *kha1",*sma1,*waʔH,*mrikH,*kru1,"*xi2, *pro2",*ɣray1,*ŋo1,*klakL,*sni1,"*smit1, *ʦhiʔH",*xriʔH,"*ŋgwɯ1, *nʣi L ʔ, *khɯʔL",*ljakL,*myo2; *ndo1 (= drink),*smutH,*la1,*khɯ1,"*khakH, *pjaʔH",*sŋɯn2,"*sna1, ɣo2gɯ1",*ʣo1,*ndo1,*jipL,*japL,*ʣi1,*ndiʔL,"*gakL, *ɣwatL","*ba1, *pi2","*ʨakH, *ʥakH",*dokH,"*gwɯ2, *bji2","*sli1, *na3, *phjokL",*ŋgokH,*xra2,*khu1,"*lu2, *pha1",*ŋgakL,"*di2, *mbu2","*mbokL, *xaʔL, *nyoʔL",*krokH,"*ndu2, *ti2","*satL, *xotH",*ŋgɯkL,*mbakH,*suʔH,"*khwet1, *ʣiʔL","*ziʔH, *ʔnyitH",*zuʔL,*ɣweʔL,"*khjaʔL, *phrjaʔL","*jakL, *groʔL",*ʨiʔH,*ʨhoʔH,"*ku1, *le1, *ŋwa1","*ti2, *thɔŋ2",*khwɯtH,"*sɯtH, *ʑaʔ1",*phwɑŋ2,"*pitH, *gjo3","*taʔH, *gɯ1, *khji2",*lipH,*si2,"*ndu1, *kwa2",*mu1,*swu1,"*tloʔL, *ploʔL",*xoŋ2,*ʦhi1,*ru1,*ʔ/s-lapL,*ko1,*xwɯʔL,*na1,*pokH,*kwɯʔL,"*lɯt3, *khjotL","*pa1, *slo1",*swɯ1,*hoŋ1,*ndu1,*ɣroʔH,*grɯ2,*ku1,*ŋgwɯ1,*ɣwɔŋ2,*ʔ/s-ŋɯ1,*bu2,"*ʥo1, *bo2, *nji1","*ǳro1, *ni1",*ŋɯ1,*kwɯL,*njə3,*doʔH,"*sli1, *mɯ1,*dokH","*sli2, *mɯ2,*sxo2",*bu1,"*pwɑŋ1, *prɑ1",*ndiʔL,"*ʦhi1, *bo2, *gra2","*krakH, *brakH",*ʨiʔH,*byam1,"*ndiL, *ʦhiʔL",*gri1,"*ŋgɯ1, *xla1","*na1, *na1ŋgo1",*mwɯn2,"*phɯʔH, *ɣaŋ2",*ku2,*kjok3,*si1,*smaʔL,"*nʣo1, *zoŋ1","*bukH, *ŋkokH",*ɣwɯ2,*su2,*sɯ2,*ɣri1,*ŋiɑ1,*xro1,*ʔ-nyɯ1,*ŋɯ1,*ʦhi1,*thu1,*bo1,*vi1,*ni1,*mjo1,*s/ʔ-nakL,*di1,"*ǳro2, *du1",*gokL,*lo1,*sli1,*no1,*krokH,"*wu1, *gwɯ1","*ʣi1,*nyakH",*ʦhu1,*xɯkL,*s/ʔ-li1,*nak1,*phlu1,*ʔ/s-ni1,*sri1,*ŋgratH ŋgo1,"*ʦha3, *mo1, *slo1",*kjin1,*khri1,*kha1,*sitL,*mbok1,*mwɯtL,*lokL,"*bli2, *gi2","*ɣro1, *ʣi1, *khwi1",*jit3,*ɣwu1,"*nǳra1, *xo1",*sra1,"*bo2, ga3",*thakH,*ŋa1,*naŋ1,"*khi1, *kɯ1, *s-zaŋ1",*tha2,*ʔnitH,*sum1,*ʔli1,*ŋa1,*khrokL,"*sxi2, *snitH",*ʔxitL,*gu1,*ʦhi1,*xa1,*ʣum1,"*ma1, *ʑokL, *lɯ1"
Achang,ŋa31tʂhaŋ31,mau31,mi55,ni31mɔ31,phă31lɔʔ31,khʐə55,sui55,mau31ʐau31,ʦhă31pjik55pjik55,in31san35,xan31ʨin31,li55,mau31ʐo55,xan31ʑai55,ti55,pum55,pum55ʐɵŋ31,poi31,ni31xau31,se55,ŋui55,tɔŋ55,ʂam55,pʐaŋ55,nək55,pau51lɔ35,ȵen31,tʂo55,tʂo55kʐə31,ŋeŋ35,a31muiʔ31,a31xʐaŋ55,it55mɔʔ55,a31pʐua55,tam31,ʂɿ55pʐua55,ʂɿ55mʐuaŋ55,ȵɔ31,a31tu31,ni31kuaŋ31,u31mui31,ȵɔʔ55ʦiʔ31,ȵɔŋ55,ni31tʂua31,ȵot55,ʨoi55,ɕɔ55,lɔʔ55,ɔm31tau31,taŋ31ʦhin55,ʨhi55,a31ʐau31,a31ʐɿ55,sui31,---,ȵa55lum31,a31ʂə31,a31ʨhot55,saŋ31ʨhi35,a31u55,ʨhi31ȵaŋ35,phai35,a31kʐə31,a31xɵ35,pʐəŋ55,ʨhi31,kă31tʂhə35,teʔ55,mauʔ51,"luŋ55phaʔ55, mau55",ʦɔ31lo31,ʦaŋ31ʑi31,ʦɔ31lo31,ŋui55,a31ȵau31,ʨɔ55,"ʨɔ31ʦeŋ55, ʦhen55",ʨhauʔ55,---,meʔ31ʦɿ55,kă31ʦheʔ31,mau55,oʔ55ʨho55,ʨhɔ31,ʦi55,ʂua31,xa55mʐua31,ʨam55,in55,ku35,pă31tu35,lɔ31,ap55,khʐəŋ55,no31,mʐaŋ31,paʔ55,paʔ55,kʐuaʔ55,a31tuŋ55,uʔ31,oʔ55,xui31,ʂan31,kă31lɔ31,ȵuʔ55,lɔ31,lɔ31,ʨhet55,---,---,pʐaŋ31tai55,kʐoʔ55,mʐui55,pau31,mɔʔ55,ti31mɔ31,tʂua31ɕaŋ31,phɔ31,ŋa31ʂua31,saŋ31ʦeŋ55,mʐuat55,a31xʐoʔ55,o31,kăn55tam31,sa55,ʨo31,kʐai55,ʐə55,ŋau55,tɛə55,ni55,thum31,xʐauʔ35,"mam31, pan31",liap55,thun31,mut55,ʐə35,te35,"kɔ35, lə31",en31,kʐua31,ʨɔ31,ʂoʔ55,e31,ʑap55,ʦi31,"xut55, xot55",xot55,poi35,"tʂap35, ȵe35",tɔʔ55,ʦi31,tʂɔʔ55,kuʔ55,liam55,xau31,lu35,loi55,tun31,"kui55, sau55",xʐoʔ55,"teʔ55, tek55kɔ31",sat55,thau31,pək55,soi31,ʨen31,tek35,not55,ləŋ35,net35,ʐuaʔ55,thut55,ʐoʔ55,khʐəŋ31,thuŋ31,kə55,lum21,"phɔŋ35, phək55",kaŋ35,pun35,təŋ31,ʂa55,tu31,xot55,ʂoi55,phuaŋ31,tʂhau31,phɔp55,ʑau55,lap55,kuaŋ55,ʨhu31,nɔ31,noŋ55pa31xai35,phʐa31,kʐək55,"---, poʔ55",ʐa31,leŋ31,to31,kʐə31,ʦeʔ55,kʐə55,oi55,uŋ31,mɔ31,ʂau55,pɔ55,ni55,ȵeʔ55,tat55,tʂap35tʂap35,thoʔ55ʐə35,lɔ55,ʐo55,ȵə31,pɔŋ35,ʂə31,kʐua35,pʐau55,tuaŋ35,tʂam55,tuat35,noŋ35,su55,nɔ55,xun55,ʐam31,tʂhap35,"ʐau55, tuaŋ31",ʂɿ55,mɔʔ35,ʑəŋ31,tiam31,an35,tu55,sa35,kʐə31,ȵi55,səŋ55,ʑɔŋ31,kʐə31,ȵi55,kan31,ɕam35,ve31,ne31,ȵɔ31,lək55,ʨheʔ55,tan31,kok55,ʑaŋ55,li31,ȵɔt55,kʐak55,səʔ55,phet55,ʨho55,ʂək55,tʂhau31,lɔk55,phʐo55,na55,ləŋ35,kʐuat55,pu55,mʐək55,uai31,xɔ31,ʂut55,ʐua31,ʂut55,kom35,pʐəŋ35,jɔ31,et55,vən55,ʧut55,phʐan35,tə55,thɔʔ55,ŋɔ55,nuaŋ55,ȵaŋ31,ta31,sək55,sum31,mi31,ŋɔ31,xʐoʔ55,ȵit55,ɕet55,kau31,ʨhe55,pak35,ʨɔm31,ʑuʔ55
Axi,ɑ21ɕi55(pho21),mu21phi33,mi33dɯ21,li55ʨi33,ɬo33bo33,tʂa33zo21,---,mu21dɯ21,mu21lua55,mi33ʨhi21,tɛ33,mu21ɬu33,mo21xo33,ɣo21,ʑi33,"po33, lɛ33",ve55,mu33tɯ55,mu33tɯ55(se21/sɛ21),ʂa33,ʈho33,ʥi21,xɯ33,lo33mo33,khu21,ɬo33,ni33,ʦhu33,ʦhu33ɣa21,"du21, du21thɯ33",o55ku33,ɣo21ne33,ʑe21me33,i33ɬo33zo21,i33sɛ33,ne33no33,ʂi22mu33,no33ʦhi21,gɯ21mo33,o55ko33,o55ʦi33,ne33sa21,no33bo21,no33pa33,ni21phe21,tʂa33ɣɯ21,lo33,le21pu55,o21po33,dʐu21ʦi55ɣɯ21,ʨhi33ɣɯ21,ɣɯ21ko33,xo21ʨi33,si21,xi21mo33,ni33mo33,"i33si55, i33kɛ33",ʦi33pu33,i33tʂi33zo21,ɣo33ma33,ma55dʐi33,ʣo21ne33zo21,dʐi21tʂo33,tʂa55ʑi33,ʈɛ33,ʈhi21,zi21,a44ba21,a33mo33,a33vu33,zo21,nɯ33,zo21to33zo21,ʑi21mo33,ʂi55tʂho33,ʦo33,ʨhi33ʦɛ33,go21,zo33,xo33,a33nu33,mo33lo33,ʦha33,ʦho21mu33,ʨi33,pa33xo21,tʂo33ma33,ʦi33,lɯ55xɛ33,"dʐi21the33, ʑi21dɯ21",a33go33,lo55bi21,ɣo21,tʂhɛ33,"ni21, lo21",mo21,ʐu33mɛ21,ʨhi21,"ʑe33, ɣo21",ʈo33le21,i33ʈho33,ve21,ʨhi21,ta33pi33,mɛ55nɛ33,a33nu55,lo55,zi21,ʦhi33zo21,lo33,a33dɯ21,ɕi55a33lo33zo21,mu21dɯ21,xa33mo33,bu21zo21,xe33,te55mu21,ɖo21,a33po55,a33ŋo21,si33ʦɛ33,i33bu33,i33ʈho21,mo33to33,vi33,ɕi55(bi21),ʣi21,be33,ɣa33,ŋɯ33,xa33,ni33,ʦhi21,si33,"ɕi21, go21",ɬa21,lɯ21,mu33,du33lɛ33,ko33,tʂi33,ni33,no33,ʣo21,tu33,ʑi21,xo21,ʣɛ21,do21,vi21,bu21,to55,de33,gɯ21,go33na55,kɯ33,ʂo33,khɯ21,pha33,"ʈi33, ʥe21",pu33,kɯ33tʂhʌ55,tʂu33,da21,xo21,te55,ba33,sa55,ʣi33,zi33,zi21,va21,ʈhi21,ʑe21,ʨi33,tʂhu33,tʂo33,ti55,nɯ55,si33,phu33,"tɛ55, pɛ55",te33,lɛ33,sɛ33,dɯ21,mo33,sɛ21,lu55,xɯ33,ʦhi21,ʐi33,lo55,ku33,si55,ɣo21no55,ʑi21ŋɯ33pu33,ʨhe33,lɯ21,"po33, la55",si33,xo33,dʐi33,ɣa21,(go33lo33)go33,ɯ33,va33,vu21,ɣɯ33,bu21,"bu33, tʂu33",tʂu33,ŋɯ33,kɯ55,na21,de33(lɛ33),mu33,"lɛ33, xo33",bu33,vi33,i33mo33do21,tha33ʦhi33lɛ33,la21,ʨi33,ʈi33,dɯ21,ʨi33,ɬe33,no33,nɛ33,pho21,tʂa55,ʨe55,ʂi33,mu55,si33,gu33,ɣɯ33,ni33mi33,sa55,ɣa21,na33,"ŋa21, xɛ33",nɯ55,ʈo33,ʦhɛ33,tho33pu33mo33,bo21tɛ33zo33,mi33vi21,na21,no21,ne55,dɯ33,ʥi33,gu55lu21mo33,lu33,ɬɯ21,a55no21zo33,ʨhe33ko21mo33,fa33,nɯ33ʣɛ21,i33ʦha33mo33,i33ɕi21(mo33),i33lɯ33(mo33),a33ne33,a33ʈho33,"ni33, ni33pɛ33","ʂa33, ʂa33ɖo21","ʥe33, ʨhi21","lɛ55, mo21","ʨi33, ʨi33gɛ33",tʂhi33,kha21,si21,bu33,ni21,ŋu55lu21nu33,ɖɛ33,ʐo21,nɛ33,"vu33, ɣo21",ɖi33,ʂo55,bu33,the33,ŋo33,ni33,kɯ33,thi21,ni21,si33,li33,ŋo21,tʂu21,ʂi21,xi21,kɯ33,ʦhi33,(thi21)xo33,ʦi33,lɯ33
Azha,a33tʂa33,mi33,mi55,lɔ33ʨi21,lɔ33pu33,tʂɔ55zɔ33,se33,---,---,mi55ʨi21ku55,tɑ55,mi33hi21,a55ho21le33,a55ho21,ʑɿ33,lɑ55,ve55,mɯ33tɯ55,mɯ33tɯ55(se33),ʂa55,thɬe21,-----,xɯ21,lu33pɯ21,khu33,phi33,ni33,ʦhu33,ʦhu21ɣa33,ʑe33,za33,ɣɔ33,ʑy21me33,ʑe33ho21,---,na55ne55,---,na44ʦhɿ33,ʨy21mo21,ʔi55ku33ku33,ʔi55ʦhɯ21,ne55tu33,no55mo21,no55pu33,ȵu33ʦe44,tʂa21,lu55pe21,le33phe44,vu33pu44,ʦɔ21ʦi55,ʨhe33,xɔ33ʑy33ka44,xɔ33ʨi21kɔ55,ɕɿ33,ni44mɔ33,ni44mɔ33ȵi33,ʔi44se33,ʔi44hi33mo44,ʔi44ʨi55,ʔi33ʑe33,ʔi33mo55,a21li55ne33si55mo21,ʔi44ʨy33,tʂɔ55ʑɿ21,le33,ɬi33,pa55ɕu33,i55pa33,i55mo33,a33ʑu44,zɔ33,ze44me33,zɔ33te21,ʨi21ʦɬe33,ɕu55,ʦɔ21pɯ55,ʨhe21mo21,kɔ33mo21,xɔ55mo21,xɔ55zɔ33,a44nɔ33mo21,mi55le21,ʦha21,ʦhɔ33ma55,ʨi21,me55me21,"ʦɔ21, tʂɔ21",ʨhiau21,he21,ʑi33ʨhi21,la21khe33,ke44pe33,ɣɔ33ʦɿ33,khe32tʂɔ33,ȵy33,me33,me33hẽ33,---,ʑe33,(ʑe33)ta21le33,ʑe33a33mo21,ve33,ʨhi33,ʨhi33ɕi21,ma44ne33,he33,lo55,vi33,a44lɔ33,---,a44ty33,ɕɿ55lɔ33,hi44lɔ33pi33,xɑ55,bi44thu21,ȵe55,tsɬe55,tʂɬɔ33mo44,a21pu55,a44ŋɔ33,si55te21,si55ʨhe21phe33,si55ɬɔ33,mo55te21,vi33le21,ɕɿ55ti33,ʦy33,pe33,ɣa21,ȵy21,xu35,ni21,mi33,xɯ33,khɔ33,xa33,ŋɯ33,mɯ33,le21,kɔ33kɑ21,tʂhu33,ȵi55,nɔ55,"la55, tʂu55 (feed)",ŋgɯ33,ʑi21,xɑ21,(me44)ʦa33,tɔ33,vi33,pa21,tʂɬɔ55,te33,kɯ33,na55tu33,qa33ŋ21kɯ55,ʂu55,ʨhu33,pha21ŋa55,ʨe33,---,nɔ33phɯ21,---,po21ɕe55,xɔ33,tsɬe55,---,sa55,ɬe33,zi33,lɯ55,va33,ɕe55,ʑe55,ʨɿ33,ʦha33,ve33,ti55,ʔɔ55,sɿ33,khe33ɬɯ55,te55,thɔ33,le33,se33,kɑ33,me21,ɕy21,lu55,he33,ʦhi33,ʑy21,lɔ55,ku33,fɯ55,no21,pu33,xɯ55,lɯ21ɬɯ55,lɔ55,ve33,he21,tu33,ɣa21,lɔ44ku33,ʔy33,vɑ21,ʑe33,ɣɯ21,ŋu55ŋa55,tʂu21,tʂu21,"no55, ŋɯ33",kɯ55,ɕɿ21,tʂɔ21,mɯ33,tʂɬɔ33,pe21,pha53,tɔ33,pa21,la33the33,ʨi33,tʂɬɯ21,tĩ55,xua33,he33,nɔ21,(ʔi55ty33)nɔ21,phɔ33,(tʂa55ȵa55)kɯ55,ʦo55,ʂɿ33,mɯ55kɯ33,su33,ku33,ʐu33,sɿ55,sa55,ɣɑ33,ȵɔ55,xe55,ȵi55,pɯ55,ɕɿ33,a44tu33,po33,vi33,nɔ33,nɔ33,ne55,ma21ne55,tʂɑ33,kɑe55,lu21,xi33,nai55,ʨhe55,fu33,nai55,pɯ55,i44ɕɿ33,li55,ne33,thɬe21,ni55(vo33),ʂa55,ʦe33kɯ33,ʔe33,ʨi55,ʨhu21,khɔ33,si33,pu33,nʥi33,lu33,tʂɬe33,ʐɔ33,ȵe33,ʔu33,xua21,ʂɔ55,sɔ21,the33,ŋa33,nu33,ku33,ti33,ni33,sɿ55,ɬi55,ŋɔ33,ʨhu33,ʂɿ33,hi33,ʨu55,ʦhe33,hɔ21,te21,ʐu33
Azhe,a21dʐɛ22(pho21),mu21,mɪ33,lo21dʐi22,lo22bo22,kɛ33zo21,---,mu21ʂa22,mu21lɯ55,mɪ33ŋɯ22,tɛ33,mu21ɬi22,mu21xo22ʐi22,ɣo21,ʐi22ʨɪ33,bɯ22,vi55,mɯ55tɯ55,mu55khu21,ʂɛ33,ɬo22,dʐi21,xɯ22,lu33mɯ22,khu21,lo22,ni22,ʦhɯ22,ʦhɯ22pa33ʔo21,ȵɪ21ʉ22,zɛ22,ɣɯ33,ʑi21mɛ22,sɛ22,sɛ22,lo22,ʂi22mɯ33,gɛ22ʦhi21,gʉ22bɯ22,ɪ55kɯ33,ɪ55du22,ȵɪ33du21,nɯ33bɯ21,no55pɯ33,ȵi21phɪ21,ʣɛ22,la33pi21,ɭɪ21,a21pɯ33,ʣu21,gɯ21,vu21ka55,lɯ55(phɛ33),su21,tu21ʦi22,ni33mo22,(ʦhu21)sɛ21,ʦhu55(pɯ21),tʂi33,ɣo22,mɛ55,ȵɪ55ȵɪ22,gu21tʂo33,kɛ55,bu22ʐi22,ɬi21,zɿ21,a33tɪ22,a33mo22,a33vu33,zo21,nɯ33,zo21do22,ʐi22mo22,ʂu55mo22,ʣo22,ʣo22ʨɪ55,go21,zo22,xo33,a33nu22,mu33lo22,ʦhɛ22,ʦho21,dʐi22,xo21mɛ55mɛ21,go22du21,ʣɯ22,xɛ22,gɯ21,xɛ22go22,ɭo55bɛ22,ɣɯ21,ʨi33tʂo22,mu21,mo21,xʉ22ba21,ʨhi21,ʑɪ22,do22lɪ21,ɬo22,vɪ21,tʂhi21,ɕɪ22,a55nɛ33,a33nu55,lo55,zi21,lu21ʐo21,ɬɛ33ɭo22,a33du21,"ʂɿ55lo22, tho21ɬo22",xɪ22,xɛ33,ba21bi55,ȵɪ33zo21,tɪ55,do21(xʉ21),a33po55,a55ŋo21,si33ʣɛ22,si33ʨɪ22,(si33)phɪ21,mo33ʣɛ22,ȵɪ33vi22,ʂi55mu33,a55ʣi21,"bɪ22, dʐɯ22",ɣɛ22,mu22,"xɛ22, dʐo33",ni22,ʦhɿ21,sɯ33,"go21, khɯ21","la21, la55","dʉ22, lɯ21","mɯ33, ɬi22",lɪ22,kɯ33,"tɛ33, ʦã33",ni33,go21,ʣo21,dʉ22,ʑi21,xɯ21,ʣɛ21,dɯ21,vi21,bu21,"ʦɛ22, tɯ55, no55",dɪ22,gɯ21,na55,ɣɯ22tɛ21,ʂo33,khu21,phɛ22,ʥɪ21,pu33,nɯ33,ku33,dɛ21,xo21,tɪ55,ba22,sɛ55,ʣi22,zi22,zɯ21,va21,ɬɪ21,ʑi21,ʨi33,ʦhɛ13,ko33,tɪ55,khɯ21,sɯ33,pho22,pi55,tɪ33,"lɛ33, li22",sɛ22,"du21, khʉ55",mo22,sɛ22,ɬɯ55,xo22,ʦhi21,ʐu22,ɭɯ55,kʉ33,fɯ55,no21lo55,ʑi21fã22,ʨhɪ22,ɭɯ33,(ʥɛ22)po33,si33,xo22,ɣɯ22,ɣɛ21,(lɛ33)go22,vu33,vɛ22,ɣo21,"ŋo55, tʂhɿ21",bu22,dʐʉ22,dʐʉ22,ŋɯ22,gɯ55,"ɕi33, ŋa55",du22,ɬi22,"xo22, do22",bo22,vi22,dɯ21,bɛ22,bɯ21,ʨi33,ɖʉ22,tɛ33,ʑɪ21,ɭɪ22,no22,ŋɛ21,phɯ21,kɛ55,"ɣo21, ko55",ʂi22(wa22),mo55,sʉ33,go22,vu22,su55,sa55,ɣɛ21,ŋɛ33,xɛ33,ŋɯ55,ɣɛ21,ʂi55,tho22,bo21,vi21,nɛ21,no21,ȵɪ55,dʉ55,tu22,kɛ55,ɭʉ22,ɭi21,ʐuã21,ʨhɪ22,fɛ22,na33,ʦho22,ɕi21,ɭu33,ȵɪ22,ɬo22,ȵɪ33,ʂɛ33,ʥɪ22,"ʔo21, xɯ22",ʨɪ33,tʂhu22,kho21,si21,bu22,ni21,tʂɛ21ɭu21,dɛ22,"ʐo21, ɣɯ22",ŋɛ21,ŋɛ21wa22,"ʣi22, ʐi22",ʂɑ55,bɯ22,thɪ22,ŋo22,nɯ22,gɯ22,ʦhi21,ni21,sɯ33,ɬi33,ŋo21,khu21,ʂi21,xɪ21,ku33,ʦhɪ22,xo22,ʣɯ22,"ʨhɛ33, mo33, lɯ21"
Bisu,"bisu, mbisu","mɯŋ31, bɯŋ31",---,mɯŋ31nɯŋ31,u31la33,u31kɯ33,aŋ33sa31,mɯŋ31ʨi31khɯŋ31,mɯŋ31bap31,min55ɕin55ɤn33,mɯŋ31bɤn31,xa55man55,"mɯŋ31xo31, bu31xau31",xo55lo33,laŋ55ʦho31,khoŋ55kja55,aŋ33phjaŋ33,mi31tho31,mi31khau31,sɿ33,phu55,toŋ55,sam55,lo33ba33,aŋ33nɯ33,aŋ33la33,nɯŋ33,ʦhaŋ55,---,aŋ33the55,te31ne31aŋ33nɯ33,ka31,me33bɤn55,aŋ33sa31sɿ55,aŋ33de31,de31ʑa31,---,ʦhɿ31ka31,aŋ33maŋ55,aŋ33tu31,sam55khɯŋ55,me33nɯ33,na55khaŋ55,na31sɯŋ31,man31tu33,so31phi31,man31la31,la31pu31,poŋ31poŋ33,ʦhu31ku31,la31khɯ31,"sa31gau31, aŋ33gau31",aŋ33kho33,ɕi31,aŋ33u55,lɯŋ33ba33,aŋ33ʨhin31,aŋ33map33,pi31kha31,aŋ33u55,toŋ31mi31,nam55ba33e31sɿ31,aŋ33ku31,mɯŋ31ni31,aŋ33um55,eŋ31,i31ɕi31,a55boŋ55,a31ba33,a55ʨhi55,ʑa31poŋ31,ʑa31bi31,aŋ33ʑa31,phu55,---,xaŋ31,ko33,la31so33,khau55mɤ31,khau55son31,no33pɤk33,moŋ55,aŋ33ʦhɿ55,sa31me31,te31kha31,sa31pɤ31,ke55ba33,kai55khu33,ʑum55,ʑu31pam31,laŋ55ko33,tui31,khɯŋ31kjau31,khɯŋ31tha31,a31mjaŋ31paŋ31na33,a31moŋ31,ʨhin55pɯ33pe33le33,pe33le33,ʑa33,aŋ33toŋ55,aŋ33u33,va31,khɯ31,ɕin55,a55mi55,a55khoŋ31,ʦha31la31la31ba33,ʦha31la31,---,---,---,pan33tai31,xo33tam31,ɯ55laŋ55,u31ʦum31,xa33ʑa31,ʦam55ba33,pja31,luŋ33ɯ55,te55sɿ31,sɯŋ33ʦɯŋ55,aŋ33ʨhi55,aŋ33pha31,a31khoŋ31,aŋ33ve33,mo31ka31,aŋ33ʦhu31,up31,ɯ55,uŋ55,ʑi31,dɯŋ55,"mit33, ʦup31",---,"ko31ʑa31, ko31; kɤt31, khɤ31",be31,naŋ33,mi33,"la55, lɯ33",khɤ33,pɤk33,fu33,na55,ʦa31,taŋ55,ʑu31,ʦuŋ33,ta33,"ʦhoŋ31, no33",tum33,"men55, xan55",ʦɤn33,"ta33, phja31",pi31lau55,pju33,---,sa55,khau31,ʑat31,khi31,tan31,"bok33, ʦhoŋ33","khe33, xa33khe33",tɯ31,ɕe55,kɤn31thɤŋ33,pɤ33,sɿ31,tɤ33,"nen31, kep33",kep33,"lan33, ʦɤ31",phe31,ga31,kaŋ55,ʦho33,xɤŋ31,ɕen31thoŋ31,khu31,kue31,phoŋ33,phi31,am33,ʑo33,ʦhɤŋ55,tu31,"va31, bu55",toŋ31ʦau31ku33,po33,nɤ31,ʨhi31,po31,lau31(kɯ33),lum55,suŋ55,ɕen31,aŋ33kin55pham33,"ko33, khja33",le33,khai31,pak31,zu55,to31,kho31,---,---,vɯ55,koŋ31,"ʦɤk55, ʨhi31",ʦha33,"ʦa33, aŋ33ʦa33",---,a31,khi31,---,(mɯŋ31nɯŋ31)to33,(xa55man55)to33,"(xo55lo33)ka33, (mɯŋ31xo31)lɯ33",pu55,"(aŋ55 ve33)ve33, phu31","(aŋ55sɿ31)sɿ31, khe31",xa33pha31kaŋ55,"lɤŋ33phja33, pja33",(ko33)ʨin31,pjam33,tan31,kɯ55,ʦhu33,(aŋ33tu31)da55,(aŋ33tu31)khun31,uŋ31,---,"tɤŋ33, (ʦhɿ31ka31)thoŋ55",ɕi55,ma31,lin31,kot55,dap33,---,(aŋ33pju31)ʦɿ31,aŋ33xɯ31,"aŋ33i55, aŋ33ʑa31",aŋ33moŋ55,aŋ33tɯ55,aŋ33xɯ31,aŋ33i55,aŋ33thu55,aŋ33pa31,aŋ33vɤ31,aŋ33dɯ31,aŋ33bja31,aŋ33na31,ba31na31,"aŋ33kɤŋ33, kan31",aŋ33kue31,aŋ33zaŋ55,aŋ33xan31,aŋ33do31,aŋ33ken31,aŋ33kɯ33,aŋ33ʨin55,aŋ33ʦhɿ55,aŋ33sɿ31,aŋ33an55,aŋ33paŋ55,aŋ33pon31,aŋ33ne55,aŋ33sɿ55,aŋ33ʦho31,loŋ55,aŋ33ʨhin55,aŋ33ʦhau55,"aŋ33kha31, aŋ33xeŋ31",kɯ33,"pɤŋ33, o31pɤŋ33","be31, bjaŋ31",---,aŋ33pɯŋ33,ʑa31,xet31,aŋ33vɤn31,ʦan31,aŋ33sa31bek31,aŋ33ʦa33aŋ33paŋ33,aŋ33thak33,ga33,naŋ33,ʑaŋ33,thi31,ni31,sum55,xan55,ŋa31,khu31,ɕit31,xet31,kau31,ʨhe55,aŋ33pak31,ʦum55,"fu33, saŋ55"
Gepu,ko33phu44,mə33,mi33,mi33ʥi21,ho44bo33,tʂɔ44zə33,sa33,mə33gə21,mə33ɖu33,mi33lɛ21,tɚ33,mi44hi33,mu44ho33,ɣu33,ʑa33,bə33,fa55khi33,pi33ti44,mə55khə33,ʂɔ33,thu33,ʥɿ33,xə33,lo33bə21,khɔ33,ho55,ȵi33,ɣu44ʦho33,ɣɔ44su33,do33ʐɿ21,o44ku33,ɣu33,ʑi33ma21,ʑi33nu21,si33zu33,sə21hu33,mɔ33,khu55ʦhi33,gə21pho33,a33gu44,u44ʦhi33,na21du33,no33mo33,no21po44,ȵi33pɔ33,dʐɔ33,ɬu33,la55,hi33,dʐɔ33,ʨi21pa33,xɔ33ɣə44,kɔ55,si33,hi55,ȵi33mo21,sɚ55,ʦhɿ55,ʨɿ33,ɣu33,mo21ʂo33,khu33,dʐu33,tʂo55,ndʐhɛ˞33,ɬi33,zi33,a33vi44,a55mu33,a55ɣə21,zu33,a33mə44,zu33ndhu33,ʣɿ33bo33,ʂɿ55mu21,ʨhi33thu33po33vu55,ʨhi33mu33,ŋghu33mu33,zɔ55,ʂu44mu33,a55nɔ21,mu33mbha44,(va55)ʦhɔ33,ʦhu33,ʥi21,xu33,dʐo55,nʣhi33,hɛ33,dʐə33,ho24go33,ɬu55,ɣə55,khɚ21,ȵi33,mo33,ho33,ʨhi33,ŋa55,du33la55,(ŋa55)fu33,va55,ʨhɿ33,ʨhɿ33ɕɿ33,a55mɚ55,a33ȵɔ55,a55bə21,zi33,ʨhɿ21,lu33,ʔə55di33,a55ɳə55,ha33,bə33ʂɔ33,---,ŋa55ʣu33,a33ʣə33,ɖu33,ə55po33,ŋu33,si55,ʨi21pa33,si55thu33,mu44du33,ma55mi33,ɕi33,ʣi55,dʐɿ33,ɣɔ33,ŋə33,ə55,dɚ33,mi44zə33,no44ʐɿ33,tʂhə33,lɛ33,-----,mo33,lɛ33,ɣu33ʨhi21,thi55,ndʐa33,do55no33,tʂha33,ndho33,"ʑi55, ʑi55mo33kə33",hə21to33,ʣɔ33,də33,gu33,bu33,"tu33, də33",da21,gə55,ɳɛ33(hu21),kə33,ʂu33,khə33,no55,tʂə33,də55,ɳə55,tʂɔ55,"ndhu21, ndhɛ55",xu33,ŋghə33,---,sɔ33,mbho33,ɳa33,zi33,(tʂa55)vɛ33,thi33,ɣa33,ʨi33,di21,tʂu33,dɛ33,khə33,si33,phɔ21,pi55,ta33,lɛ33,sə55,ndhu33,mɔ33,sɔ33,(ʥi33)ɬɔ33,hɔ33,ʦhi33,hɛ21,ɬu33,fə33,si55,no33,phɔ33,ʨi33,lə21,(ʥɿ33)ɬu33,si33,hɔ33,"kɚ33, ndhi33",ɣɔ33,go55,ɔ33,vɔ55,vɔ33,ʨhi33,bu21,dʐu21,dʐu21,ŋə33,kə33,ŋɛ33zə33,(mi21ʥi33)dɔ33,mi33hi33,(vu33)dʐo33,lu33,vi55,də33,bɔ21,dɚ33,ʨi33,dʐɔ33,ndhi55,ʥi21,ha33,nə33,ŋɛ˞21,phə33,tʂɔ33zo33,tʂa33,ɕi21,mə55,nʣho33,(su33)ŋghɔ33,ɣə33,si33,sɚ33,ɣɔ33,ȵɔ33,ʂɚ33,ndʐhə33,ɣɔ33,"ȵɔ33, mə21",thu21,bu33,vi33,nɔ33,nu˞ 33,na33,də33,dʐo33,kə335,lo33,li33,nɔ33mɛ33,khə33bɚ33tɛ33,fo55,ʣɚ33,ʦhu33,ɕi33,ɬi33,ŋa33,thu33,ȵi33,ʂɔ33,ndʐho33,ʦhu33,ʨi33,tʂhɿ33,khɔ33,si33,mbhɔ33,ȵi33,lɔ55,dʐɚ33,ʐu33,ʑi33,ɣu33,ndʐha33,dʐə33,bo55,tha55,ŋu33,na33,tɛ33,ta33,ȵi55,sɛ33,ɬi33,ŋo33,tʂhɔ33,ɕɿ55,hɛ55,kə33,ʦhɛ21,hu21,ʣə33,li33
Hani,xa31ȵi31,ɔ31,mi55ʦha31,nɔ55ma33,ba33la33,a31gɯ55,sa31,ɔ31ʥi31ʥi31,ɔ31mjɔ31mjɔ31,do31,ʥo31xø31,ʥa31le55,ɔ31ze55,xa31ʥu33,u55ʨhu31,xɔ55the55,ɣa31ʣe55,mi31ʣa31,a31xø31,sɿ55,phju55,gɯ31,sɔ55,xa31lu33,xu31,"la33si31, si31",nɔ33,ʦho55,ʦho55xa33,do31,ʦho55zi55,ɣa31xa33,ju31ma33,su55la55,mo55mi55,ne31xa31,ʦho55si55,na55ʦhi31,ɣo55mo55,u31du31,ʦhe55khɔ55,mja33,na55me55,na31bo55,me31bɔ31,sɤ31,la55ma33,a31la31,u31de31,dɔ55ʦɿ31,a31khɯ55,sa31jø31,sa31gɯ55,si31,bɔ33ma33,nɯ33ma33,ʦhɔ31,po31,phi31khɯ55,u55,dɔ31mi31,sa31na33,sa31gu31,khɔ31phju55,bjɔ55,ɕi31,a55ʥe55,a31da33,a31ma33,a31ɣø33,za31,za31mi31,za31du55,phju55,a55zø31,xo31,(ʥo31)ʦhe55,ɣa31le33,ta35me31,ɕɔ33me31,nɯ33si31,ʦhi31ɔ55,(ɣa31)ʦhi55,ʦha31dɤ31,ʣi55ba31,sa31,ga55ma33,lɔ55ʣɔ55,la31xø55,ɣɔ31ʣɔ33,lu55ɣu33,la31ʦhø31,a31ɣo31,sa31khɔ55,a31ȵu31,mo31,a31jo55,a31ʦi31,a31xa33,a31dɔ55,(xa33)u33,a31ɣa31,a31khɯ31,se55,a55mi55,a55mju31,xa31la31,xa31zɿ31,ʨhi55za31,dɔ55la31,phu31du33dɔ31mi31,tho31la33,xu33ʦa31,o55lo55,bø31za31,a55ʣi55,xa31ʣe55,bja31si55,xa31pha31,ŋa31de55,a55bo55,a55ʨhi55,a55pa31,xa31bo55,a55je33,ʥa33ɣa31,a55gɔ33,e55,ɯ55,ŋø55,ja31,ʥo55,ʨu31,khɔ33,"ɣø31, ko31",mje31,mju31thɔ33,"bo33, mɯ55",la55,xɤ33,ʦho31,xu33,na55xa31,ʣa31,do55,ju31,ɕo31,ʣɿ31,"ʦhɔ31, ʣɿ31, du31",dɔ33,ɤ31,pɯ33,pja33da33,bi31,bja55,u33,ʨho33,xø31,kho31,le31,de31,xø31ɣe31,na31gu33,di31,se31,ʦo33,bɤ33,si31,thu55,zɿ33,zu31,ɕu33,pjɤ31,ʣɿ31,ɣɤ33,sɤ33,ʥi31,thɔ31,khu31,ja33,phɔ33,phi31,ʨhi31,lɯ33,ʦhɿ55,du31,ɔ55,si55,lu31,ɕa33,ʦhi31,du33,ʦhe33so31,lɔ55,xø31,ɣa1na31na31,pu33,ka33,le33,"ba31pha55, pha55",ʦhe55,ʨhu33,ʨhɔ33,xɯ31la55,sa55ɣa33,gu55,ɣɤ55,ɔ31,pha55,ʦha33,ʥa33,ʥo55,ŋɯ55,ȵa33,"mjɔ31ʦu33, njɔ31",du33,bo33,ɔ31ze55ze55,bu55,je33,a55si31si31,ja33,bja33,ʨe33,bjɔ55,de31,gɯ55,bɯ55,na55,mu33,phu31,do31,ʨa31,si55,me31,ʣo33,bu31,gɯ33,du55,"xɤ33(ȵa33), xɤ33",xɯ31,ȵi55,mo55,ȵɔ55,xɯ31,ȵi55,thu55,ba31,xɯ31,ȵi31,mja31,na31,te33,do55zi31ne33,ɣu31,phja55,ɕɔ33,nɔ31,ɣɔ55,gɯ33,ʥe55,ʦhu55,sɿ31,jo33ʥa33,na33,phju55,ȵi55,sɿ55,ga33,lɔ55,ʨhe55,ʨhu55,xa31,me31,de33,me31,lu31,bjɔ33,ʣɿ33,jɤ31,sa33mu33mu33,ʥu33,ʦhø31,lo31bɤ31bɤ31,ta33,ŋa55,no55,a31jo31,ʨhi31,ȵi31,sɔ55,ø31,ŋa31,ku31,sɿ31,ɕe31,ɣø31,ʦhe55,ja55,ʣɔ55,ɣa31
Haoni,xɔ31ȵi31,u31,mɛ55ʦhɔ31,nu55mɔ33,pɔ33lɔ33,pɛ31kɯ55,sa31,u31ʧɿ31ʧɿ31,u31ʧɿ31ȵi55ma31khɛ33,tv31,ʧɿ31xu31,ʧɔ31li55,u31jɛ55,xɔ31,v55ʧhv31,kv31ʧv31,ja31ʧɛ55,mi31ʦɔ31,u31xu31,fv55ʃɯ55,fv55ʧɿ31,kɯ31,ʃu55,lu33ɔ33,xv31,"lɔ33, ɕi31",nv33,ʦhv55ɔ31,ʦhv55xa33,tu31pɔ31,"a55ti31, pv55ti31",ɣɔ31xa33,ʒv31ma33,ɣu55ku31lu31su55,ʃɛ31ɕiɛ33,ȵi31xɔ31,ʦhv55ʃi55,na33ʦhi31,ʒu33ɣu55,v31tv31,ʦhɛ55khu55,ma33ʦi33,nɔ55mɛ55,nɔ31pv55,xɔ31mɛ33,ɔ31ʧɯ55,ɔ31lɔ55,a31la31,u31mɔ33,tv55ʦhɿ31,ɔ31khɯ55,ʃɔ31ji31,ʃɔ31ʦhɿ55,ʃɿ31,pu33mɔ33,nɯ33mɔ33,ɔ31ʦhu31,a31pho31,phɛ31khɯ55,ɔ31v55,tu31mɛ31,ʦhɿ31ʦhɿ31mɛ31na33,ʃɔ31kv31,khɯ31fv55,pu55ɯ55,ɔ31ʨhi31,ɔ31ʧɛ55,"ɔ31phɔ31, ɔ55pɔ31","ɔ31mɔ33, ɔ55mɔ33",ɔ55ɣu33,zɔ31,zɔ31mi31,"ʧɿ31ʦɿ31, zɔ31tv55","ʨhiɛ31, fv55ʧɿ31",ɔ55ji31,ɔ55v31,ʧhɛ55,ɣa31pa31,ta55mɛ31,ɕiɔ31mɛ31,nɤ33pi33,xu55ȵi55xu55ʧɿ33,(ʒv33)ʦhi55,ʦha31tɤ31,ʧɿ55pɔ31,ʃɔ31,kɔ55mɔ33,"ʨhiɔ31, ʦɛ33kv31",ɔ55xu55,ʒv31xɔ55,ɣu33xɛ31,lɔ31,ɣo31,khu55phu31,v55nv31,ɔ31mu31,(ʧhɿ31)ʒv55,a31ʧhɿ31,a31xa33,ɔ55tu55,(xa33)v33,a31ja31,ɔ31khɯ31,ʃɛ55fv55,ɔ55ȵi55,a55mv31,xɔ31lɔ31,xɔ31zɿ31,ʧhɿ55zɔ31,tu55lɔ31,xɔ31ɣɛ55,thv31lɔ33,fv33ʧha31,ɯ55lu55,pi31ʧv31,xɔ31ʧɿ55,xɔ31ʦɛ55,pɔ31ʧhɿ55,xɔ31phɔ31,ŋɔ31ʃɔ31,ɔ55ʦɿ55,"tu31ʧhɿ55, ɔ55ʧhɿ55","pha31la31, a55pha31",xɔ31pu55,a55ji33,xɔ55sɔ31,ɔ55ku33,thu55,u55ʃɿ55,ȵi55,v31,ʧv55,mu31,xu33,"kv31, kho31",mɤ31,mɤ31kɔ33,mɤ33,lɔ55,khɯ55,"ti55, ʦhv31",fv33,nɔ55ɔ31,ʦɔ31,tv55,ʒv31,ʃo31ta33,ʦi31,"ʦhu31, no33, to31",tu33,tɛ55,phɤ33,pha33ta33,pi31,pv33,v33,ti55ji31,xu31,lv33,lɛ31,tɛ31,xɛ55ʧhu55,la33kv33,ti31,si31,ʦho33,pɤ33,si31,thv55,zɿ33,ȵi55,ʒɤ31,phi31,ʦɿ31,"ɣɯ33, ʧhɿ33",ʧhv33,ʧɛ31,thu31,khv31,ja33,phu33,ti33phi31,ʧhɿ31,lɤ33,ʦhɿ55,tv31,u55,si55,fv33,xu33,ʦhi31,"tv33, khɤ33",---,ka33ʧv55,---,ɣɔ31nɔ31nɔ31,fv33,kha33,li33,phɔ55,ʦhɛ55,ʧhv33,ʧhu33,xɯ31lɔ55,nɔ55ɣɔ33,kv55,v55,u31,ʨi55,"ʃɔ31, ʧha33",ʧa33,ʧv55,ŋɯ55,ʨhi31,"ʧã33, thi35",tv33,pv33,u31je55je55,pv55,ji33,ɔ31ɕi31ɕi31,kɔ33,pa33kɔ33,ʨhi33,pu55,tɛ31,kɯ55,ʦhv55,nɔ55,mv33,ʦu33,ta31,ʧha31,ʃɿ55,mɛ31,ʦv33,ʦhv33,li33,tv55,"ɕi31(ʧhu55), ɕi31",xɯ31,mɯ55,mu55,nu55,xɯ31,pi55,xɛ55,"po35, pɔ31","ɣɛ31, mo55",ȵi31,mɔ31,na31,lɛ55sɿ33,"ʃv31, ʧɿ31",v31,phɔ55,ʧhɯ33,nu31,xa33,kɯ33,ʧɛ55,ʦhv55,ʃɤ31,kɛ55,na33,fv55,ȵi55,ʃɯ55,ka33,lu55,ʧhɛ55,ʧhɿ55,xɔ31,ʃv31,pv33,mi31,lv31,pu33,ʦɿ33,pv33,ʦhv55v31v31,kɛ31,ʃɔ31,ʒv33xa33,tha33,ŋɔ55,nv55,"ji55lɔ31, ɔ31ʒv31",thi31,ȵi31,su55,li31,ŋɔ31,khv31,ʃɿ31,xɛ31,ɣu31,ʦhɛ55,xɔ55,ʦɿ31,ɣɔ31
Jinuo,"ʨy44no44, ki44ȵo44",ʦho55na42,mi31ʦha55,njɯ42ɔ33,pu33ɬɔ42,pu33ki44,a44sa55,ʦho55na42tɯ44,mja42mrø55m42,tə44ɔ44,m33tɛ33,ɬi42phjə33,mi42tha55xo42,njɛ33ji44,ji42ʧho55,ɣɯ42tha55,ja33prɛ55,mi44,mi44ʨhy44,ʃɯ31,phru42,ki44,ʃɛ42,lo42mɔ33,mjɔ44,ɬɔ33,ni33,ʦhə42zɔ44,a44ɬɛ33,mi33,a33khə44,kə44kho44,mi55ma42,a44sa44a44ɬɔ44,ʧo55thɛ33,ne44,ɕi33mə33,ʦhi44,a33mɤ44,vu44khɛ44,ʦhɛ44khɤ44,mja42ʦi44,nə42to44,na33kho44,mø44mø44,a33ʧɤ44,mø44ɬɔ44,la55pu44,vu55phu44,a44ʧo55,ʃɔ31khi33,ʃə44ɣɤ44,a44kho42,a44ɕi44,ɣu42mɔ33,nɤ42sɤ44,ʦhɤ42na42,a33ʦhi55,ʦhɤ44khɔ44,a33vu44,to44mi44,mɛ44na42,a44ʨo44,khi44,prɤ42,a44khri44,ji42ʦhɛ55,a44pu33,a44mɔ33,a44ʨy33,zɔ44jo42,zɔ44mi44,zɔ44ku44,phru31,a44ʦi44,a44mɛ44,a44mɛ44,ʨhɔ31ʦi44,zu21,mɯ31ʦi44,nu33ma33,mø44lu44,a33ʦhɯ44,ʦhə55khə42,ʨhe42pɯ44,kə33e33,jɔ44kho44,khrə31ʦɛ33,ʦo42,ʨɯ33ʧhɯ33,a44ko33,ɬɯ44ʦho44,a44kø55,a33khɯ44,mɛ42njo44(pə44na42),mjo44tha42,---,"ʨhi55, ɕɔ44ɛ42lɛ42",ja42,a33to44,vu44,va55,khɯ44jo44,ʃe44phru33,jo31mɛ44,xo31mɔ44,lɔ44mɔ33,lɔ44mɤ33,ʨhi42zɔ44,---,to33lɔ44,pɛ31thu35,xo42ʧha55,ɣɯ31,pu44ʧu44,ŋa42zɔ44,ʦø33mɔ44,pjɔ44jə44,phɔ33ny44,ŋɔ44ʃɔ44,sɯ44ʦɯ31,a33ʨhe44,a33pha55,vɔ44,a44po44,ʃɔ44ʧha55,a44ʨo33,pjə42,ɣɯ42,ny42,jə44ɕi33,tɯ42,mi31,khi42,"thø33, ke55",mrə55,mjo55,ʦɯ33,lɔ42,khɯ35lua33,"kɔ44, thɤ31",tɛ44,nɔ42ʨɔ44,ʦɔ44,tə42,ji55thɛ44,xɛ55,ʦɯ44,"kho42, ʦho33, tø55",tø33,pɔ42,phro42thɯ31,ta42,pi44,m42phi55,ko42thɯ33,ʃɔ42ʧə33,ʨhy44ko42,ty55,ʧhə42ka55,tø44,ko42va55,nɔ44ʨhø33,"ʧɯ55, tɯ44",sɛ55,ʦhœ42,pə42,sɯ44,pra55,zɯ31,zu55,lɛ33,phrœ55,ʦə55,kə42,ki42,ɬu42,tho44,khu44,ja42,pho33,"phi44, pɯ44",ʨhi44,jo42,ʃə33,tu44,m42,kø33,ɬo55,xo33,ʦhi44,ji42ʧho55ɣo42,ko42ʧhɤ44kɤ44,phjo31,mɤ55,nə33pjə33,a33mə44pho42,ʨha42,ɬœ42,"ko42lɛ44, lɛ44",ʦhɤ55,ɕo42,pjɔ44,xɯ44,nji42kɔ44,khu42,jo42,ko44,pa44,ʧha42,ʧa42,ʧa42,ŋɤ44,ʨhø55,"njə44kha42, mrɯ44",to42lɯ35,phjə33,xo42,ʧu33,prɛ33,lo42,kra33nɯ55,lə42,ta33,prɛ42,tø44,ki31,ʦhu42,nɔ42,a44mrɤ33,pœ55,njə33le33,phu55,ɕi42,ɬe31mə44,ɬe42,pjo55,ne42,ʧhɤ42,"sɯ44jɔ44, sɯ44",la44xɯ44,a44ni55,la44ʃɯ55,a44ʦo55,la44xɯ44,a44ni55,a44thu44,a44pɔ44,a44xɯ44,a44ɕɛ35,thə42,ʨi44na55,a44tɛ55,"a44pro33, a44thə33",a44khu33,a33ɕɛ55phrɛ33,ɬi44,a44prø55,a44kha42lɯ55,a44kɯ44,a33ʨe44,ʨi44pə55,a33ɕi55,a33ɬi44,a44na42,a33phro44,a33nɤ44,a33ʃɯ44,ʧho55,a33ɬo44,a33ʧhə44,a33ʧhi44,"a44khɔ44, a44mja42",ɕi55,prɯ33,mœ55,lo55,"a44prɯ33, prɯ33",ʦɯ31,mo44,a44vɯ33lɯ33,a44kry55,zɔ44ʧhi44,ʦhu55kɔ44,ʨi44tha42,ŋɔ42,nə42,khə42,thi44,ni55,sø44,li44,ŋɔ44,ʨho44,ɕi44,xɛ44,ʨy44,ʦhɤ42,thi44ɕɔ44,ʦœ55,ɕo42
Kazhuo,khɑ55tso31,m31tha33,ʈi35,"m31ʦha33, m31ma24",xa33pa33ma33,kɤ24za31,sa53,m31kv55,---,tɛ31thɛ55xo33,tɤ24,mu31sɿ33,mi31ma24,xoa55,ji323ʨa53,pɛ24mɤ33,---,m33to35,m35khv31,ʨi33ʦɿ31,ʦhɿ33,tho33,sɛ33,no53ma33,kho53,"tɛ31la33, la53",ŋ323,ʦho33,ʦho33ɤ24ma33,ʨhi31,---,ɣa31ŋ53,zɿ53ma33,---,sɛ323si33,ni31ma33mo31,---,na24ʦhɿ31,"o31ʦo33, ŋa323tv33",ji31ʦhɿ33,ji31ʦhɿ33khɯ33,ȵa55thi31,na35khv33,na35po35ʨha31,ni31na323,sɿ31sɿ33,la35,la53pha55,so53ma33ko31,ʦo53ʦɿ35,ʦhɿ33pha55pha55,v31kɯ35,sa31khɯ55,sɿ31,woi35,si33ʦa323,ka33,fɛ24to31,khv31ta31,v323mɤ33,mɯ55ta323,tʂɿ35,ʨi33,kɤ55,ʨɛ323,ʦhɿ31,i35sɿ31,pa31pa31,mo33mo33,ʨo35ʨo35,za31,za31m31,za31ʦɿ31,ʨhɛ323,i31sɿ55,ʦa323,ʦhɛ33,ka31,sa35ɣɤ35ma33,sa24,no53,ʨɛ35,ʦhɤ33,ʦha31,ʦɿ24,sa31,ʨa24,ʦɛ33,xɤ33,zɿ53kɤ24,ka323ʨhi31,la55,ɣɯ53,khɤ33,ŋ31kɤ24,m31,ʦhɿ53,ʦhɿ53,ɣa53,tv323la55thi31,fv33,wa53,ʦhɿ31,sɛ33,ɑ33ŋ35,a35ȵo53,la31,---,---,---,fv31li31,ɕao55thv35,xa55mɛ33,zɿ24,xo55ta323,ŋa35mɛ33,ʦi31ma33,ʨa31,ɕao33ʨhi33wa33,ŋa31mɛ44,sɿ35ʦɤ323ʦɤ323,sɿ35ʦɿ33ʦɿ33,sɿ35ʨha31ʨha31,ʨi33ʦv24,vi53li35,zɿ33,ʦɿ31,ȵa31,ji323sa33,ŋ323,xɤ33,kɛ33ŋ33,m35,xɯ55,"ʨhi53m33, ʨhi53",lɤ53,jɛ35ʨhi33,m53,li33,ʦhɿ33wa33,thɯ55thiao24,ŋ24ka33,na35,ʦa31,to323,kɛ33zɿ53,xɯ53,ʦɤ31,tɛ53,vi53,ba33,ʦɤ33to35,ʨha31,kɯ31,ʦhɤ31phi53,kɤ33ʦɿ24,ʦa24,khv31,v323ko53li33,tɛ33,ʦa53,kɛ33xoa35,ʨo35,khoɤ31,si53,---,sɤ35,sɤ55,ʦi55,zɿ53,zɿ53,vɤ53,kɛ33thi31,ɣa53,ʦɿ35,ʦho55,vɤ31,ti55,khɯ55,sa35,pv33ʨhɛ31,pi55,ta35ʦɤ31,la53ʦɿ35,sɤ33,kɤ35,m33,sɤ33,lo35,xɯ33,ʦhɿ31,sa55,la35,ko24,fv35,la24ka33,zɿ53po35pa24,khɤ55,li35,ʦɿ323pa24/35,na24la24sɿ24,fv33,ʨha31,jo53,la24ka33ji33,v24,vɤ323,ŋ31,"ŋa55, ʦɿ55",ʨhɛ35,ʦo323,ʦo323,ŋ33,vɤ53li323,ȵa53,to53,ʨho31,xa33,pv323,vi53,tɛ53,ka323ʦhi33,pɛ31ʦhi33,ʨi35,phɤ31,ti31,ʦɿ323pa24,xa55,na323,mɤ33,phɛ53,na55ta323li33,fv33,sɿ33,ma55,so24,vɤ53,v33,ɕa35,sɿ55,ɣɤ31,niɛ24,sɤ24,ʦhɛ24,ɣɤ31,niɛ24,"ʦhɿ33, pɛ31",pa31,zɿ31,nɤ31,ȵa31,na35,tɛ323,ʦɿ33,fv55,lo323,zɿ31,---,---,fɤ33,khuɤ53,ʦhv33,si55,ma31si55,na53,ʦhɿ33,ŋ24,sɤ24,ʨa53,ʦha33,ʦɛ24,niɛ323,kha31,(ji323ʨa53)sɿ35,po53,ʦa323mi53,lo53,ʨɛ33,ja31,mɤ33,v31,jɛ53,sa55,sa33,tha55,ŋa33,nɛ33,ji33,tɛ31,ŋ31,si33,xɤ33,ŋa31,ʨho53,sɿ31,ɕi53,kv44,ʦhi33,tɛ31xa323,ʦɛ323,jo35
Lahu,lɑ53xo11,mv53nɔ33mɑ33,mi31,mv53ni33,xɑ33pɑ33,mɤ21kɤ33,ɔ31ɕɑ35,mv55tɔ11tɔ11,mv53ti35pio21,lɔ33tɑ11,mo31,mv53xɔ33,mv53ʑe31,vɑ53mɤe33,i35kɑ54,qhɔ33,xɑ35ʦhi33,ɑ31mi11,mv53qhɔ53,ɕi33,phu33,kɯ53,ɕo33,xɑ35pɯ33ɕi11,(ɔ31)qhɔ21,xɑ33pɑ33,ni33,ʨhɔ33,xɑ35ɯ11phɑ53,tɔ53,ʨo33xɑ33,ɔ31ɣɑ53,zi21mɑ54,ɔ31xɑ33ku33,ne53,tɔ21,ʨhɔ33si33ku33,nɑ33ʦhi33,ɔ31to33,o35qo11,o35qo11mv33,mɛ54ɕi11,nɑ11qhɔ53,nɑ11pɔ33,mɔ21qɔ33,ʨi31,xɑ33tɛ11,lɑ21ɕɛ33,ɣu53pe31,ʨɔ21,khɯ33ɕɛ33,ɔ31mv21ku33,ɔ31gɯ31,ɔ31si11,ɔ31fɯ35qo11,ni33mɑ33ɕi11,ɔ31ɕɛ11,ɔ31ʦhi53pho54,ɔ31kɤ33,ɔ31ɣu31tɛ54,mɛ11tu33,phɛ35nɑ54ɕi11,ɔ31ku53ʨɑ54,kɯ31,bɛ31ɣɯ31,qhɛ53,ʣi53,"ɔ31pɑ33, ɑ33pɑ33","ɔ31e33, ne21ne33",ɔ31u33phɑ53,ɔ31ʑɑ53pɑ11,ɔ31ʑɑ53mi53,ɔ31ɕɑ11pɑ11,ʦhi33,ɔ31ʑɔ53ɣɯ31qhɑ33,ɔ11,(ti33mi33)ʨɑ31,ɣɑ53ɕi11,zi33lo35,zi33ʑɛ53,nɔ54,khɯ53mv31,ɔ31ʨhu33,ɑ35lɛ21,ʣi31,ɔ31ɕɑ11,ʑɑ11qɔ33,ʨo31,ʑɛ31,koe11,ʑɛ31mi35,xɑ11thɔ33,ɣo21,ɣu21khɛ33,nu53,i35mv53,ʑɔ31,ɑ35ʨhe21,ɣɑ54,tɔ21lɑ21qu35,(ɣɑ55)u33,vɑ21,phɯ53,ɑ55po21ɕe33,mɛ35ni33,mɔ21,lɑ53qhɑ53pɯ33,lɑ53,ʦhi33pi35qɔɛ21,fɤ35lɑ53,zi53ɣɔɛ11,pɑ33tɑi53,fɑ54ʨhɑ21,vɯ31,pɤ21mɤ11,ŋɑ54,ɑ35ʨe31,pɛ53mɑ33qɛ21,pɑ11tɛ54nɛ54,ŋɑ53,si54,ɔ31gɤ33,ɔ31phɑ21,vɑ53,ɔ31ve54,zi53,ɑ35ʨhu53,ʑɔ33,ɣɯ31,xɔ31,de53,mɯ33,xo54,xɔ33,"bɛ53, ʨhe21",ɕɔ33lɛ21,xɛ54dɔ31,mɤ54,lɑ31,gɑ31o31,"pɔ54, thɔ53",ni33,nɑ33,"lɛ21, ʦa53",dɔ31,zi21,xu35tɑ11,ʨi53,"qhɔ54, ʦi35",dɛ33,pu53,tu35,tɑ54,pe31,mɛ35,ɣɔ54,ʨɑ33,qhɔ53,lu33,ɣɑ21,ʨɑ21,fɑ35,xo33,dɔ54,ti53,thɑ21,bɔ54,ɕi11,thu33,ni33,ʥɔ54,vɤ21,phe53,phe53,ɣɔ31,nu54,lɛ35,te11,ʨho54,ɕi54,phɔ33,xo54,bɛ53,phɛ54,ɕi11vɤ33,du53,te33,nɑ11,phɛ53,xo33,ʦhi33,ɕo53,xu35,pi31,qɔ33,ɣɑ53ʥɛ53,phu54tu33,kɑ54,thɑi11,"pɑ33dɑ21, pɑ33",lɤ54ʑu31,xu33,lo53qɑi33,ɯ11lɑ33mv33lɑ33,gɯ53,ku31,vɯ31,xɔ53,"bɑ11, ʨhi53",ʨhɑ33,ʨɔ31,ʨhɛ53,ʑo33,pɯ35,nɛ35,tɔ54,mɤ54,lɑ31,fu53,ve54,ɔ31ɕi11ɕi11,qo53ʨe33,vɑ33,lɑ35,po31,ʨhe21,kɯ31,ʨhi54,nɑ31,mɯ31,pho21,xɔ33,ʨɑ35,si11,ma11,xe53,bu21,ɣɔ33,qhɑ33ɕu11,ɕi11,ɯ11,i33,zi31,ŋɛ33,pho21tɑ54,ʨhe54ku33,thu33,pɑ53,vɯ53,no21,pɛ33,nɑ35,pɑ53,the53,qɔ31,lɔ31,xɔ53,nu35,xɛ33,vi33,nɛ54,ʨhu33,ɔ31si35,ɔ31pi11,nɑ54,phu33,ni33,ɕi33,kɑ54,xɔ33,ʨi33,mɛ31,"qhɑ53, ŋɔ31",ɕi35,bu54,mɤ21,lɔ21,bi53,ʣi54,bu54,ɣu53,le54,xɑ11,pɔ33ɕɑ33,ʦi54,ŋɑ31,nɔ31,ʑɔ53,te53,ni53,ɕɛ54,ɔ53,ŋɑ53,khɔ21,si11,xi35,qɔ53,te53ʨhi33,xɑ33,ʨɛ33,ɣɑ54
Laluba,la21lu33(pa21),mu21du55,"ʔmi55ti33, mi21",ɑ55m21ɣɯ55,xɑ33bɑ33,cɛ55,ɕi21,ɑ55m21ɣu21,ɑ55m21ba21,mi55ʔl33,ɑ55m21ti55,ɑ55m21ɕy55,ɑ55m21hɑ33,vɑ21,ɣɯ55,ku55dʐɑ21,ʔva21ʦɿ21,ɑ55to33,ʔm21khu21,ʂɑ55,fu55,gɯ21,ɕy55,ka55lo33,kho21,lɑ33,ʔn33,tʂhu55,ɣɯ21ɣɑ21pa21,"ɣɑ55lu55, ɣɑ55l55",ma21,ɣɑ21,ʔɪ21mɛ33chɛ33,hɑ55,ni21,ni21,xɯ55m55,ʔnɛ33ʦhɿ21,gu55tʂhɿ21,ʔy21dy55,ʔy21ʨhy55,ʔmɪ33ʦɛ21,ʔnɑ55khu33,ʔnɑ21pu55,kha21phɪ21,ɕy21,ʔlɑ55,lɪ21phɪ33,hɪ21mɑ33ʣɿ33,dʐo21,khɯ55phi33,ʔvu21dɑ55ʣɿ33,xɑ21gɯ55,sɿ21,hi21mɑ33ko33,ʔm21mɑ21,sɿ21ʦɛ55,ʦhɿ21fu21,kɯ55,hi21vu55,ʔmɛ21phɛ21,tʂɿ55,sɿ21gu21tʂɑ33,cɛ21,vi55,chi21,"zɿ21, ʐɿ21","a55ti33, ɑ55bɑ21",a55mɑ33,ɑ21ʨo55,zɑ21,zɛ21mɛ21,zɑ21du55,ʥi21phi21,ɣu33ʂɿ21,ʣɑ55,ʨhi55,"ɣɑ21khɑ21, ɣɑ21tʂhɿ55",zɿ21,ʂɑ55,ɑ55no33,---,ʦhɛ55,ʦhɑ21bo33,dʐɿ55,xɑ21,gɑ55ɟy33,ɣo21ʥy55,hi55,"(ʔɪ21)gɯ55, ɟy21ʦɿ33",ɑ55cha21,ʔlɑ21,y21,khɯ55,ɑ55n21,ɑ55m21,ɑ55ʐu55,ɑ55tʂhɿ21,ɑ55ʑɪ33,du55lɪ21,fu33,ɑ55vɪ21,ɑ55khɯ21,ɕi55,ɑ21ni55,ɑ55mo21,lɑ21pa21,zɿ21pa21,tʂhɿ55,lɑ33,ʔy55dy21,tho33lo33,ɑ33hɑ55,lɑ33ʂa55,vi21di55,ɑ55n33,ɑ55ʥy55,ʦhɑ21bɑ21,ʔu55pa21,ʔɑ21,sɿ33ʣɿ55,khɯ55ʨi33,phɪ21,mɑ55ʣɿ55,ɣɑ55lu33,ʂɿ21bɯ21,ɑ55ʥy21,bɪ33,ʑɛ55,"ɲu55, ŋu55",khɑ21,di55,ʦɿ21,ʦha33,"ɣɑ21, kho21",la21,ʑɛ55,ʔm33,"li55, la55, lɛ55",ʨhi55,"pa33(ti55), pa55",ʔi55,ʔna55,ʣɑ21,du55,ʔɪ21dɑ21,hy21,ʣɛ21,"kho33, dy21",ʔɪ21,vi21,bɑ33,pɛ33,gu21,fɪ21ɯ55ʨi55,o33,tʂɑ33,khu21,fu55,tʂu21,dy21,tʂɑ55,"ko33, hɛ13",dɛ21,ɕɪ21,ʥɪ21,ba33,sɛ21,"cha33, thu33",ʔnɪ21,zɿ21,va21,phi21,pi55,tʂɿ33,(ʔy21dy55) tʂho33,vɑ21,ti21,kho21,sɿ33,fu33,"ʦhɿ21, phɯ55",tɪ33,ʔly33,sɿ33,"ku21, ʨɪ33",pi55,sɛ55,(ɑ55tʂhɿ21)lo33,tʂɿ21,ʦhɿ21,ʂɿ33,"ʔy21, ʔly21",ku55,tʂhɿ33,ʔnɑ21,pho33,(ʔy21dy55)pɯ21,ʔl21,pɑ55,ɕi55,ʂu33,dy21,ʑɛ21,ɣɑ33,ku55,vɛ55,ʔvu21,"ʔɑ21, pɑ55",vi33,dʐu55,ʥɪ33,ŋɑ55,ʔɛ55,"pɛ33ʦhɿ21, ʔna21",do33,chy55,hɑ55,ʔmɑ55,vɪ33,dʐɑ21,ʨhi55cɛ33ʨi55,"by21, bɪ33",ʨɪ33,by55,ta21,gɯ55,ʦɿ55,nɑ55,mɯ33,phy21,cɛ21,"ʨɪ21, ʔɯ33","xɯ55, ɕɪ21",ʔmɑ21,dʐu55,va33,gu55,ɕy21,sa21,"ɣɯ21, ʑɛ21",ʔu55,ʂɿ55,ʔny21,tɑ33,ʦhɿ55,thu55,bɑ21,ʂɿ55,nɛ21,ʣɿ55mɛ21,ʔnɪ21,"bɑ21, mɑ21ʔnɪ21",tʂhu55,vo21,lu55,l21,nu21,xɛ55,"fɛ33, gu33",ɣɯ55tʂhɑ21,ʦhɿ55,xɯ21,ʔl55,nɪ33,fu55,ʔn55,ʂɑ55,"ʥɪ33, gu55",ʦhɑ55,ʨi55,tʂhɿ55,khɑ21,sɿ21,bu33,mɯ21,ʔlo21,vi33,ʣɿ33,ʔɪ21,thɛ33ta21,mu33,ʂɑ21,bu33,ʔnɑ55,ŋɑ55,n55,o33,tʂhɿ21,n21,sɑ33,ʔl33,ŋɑ21,kho21,xɯ21,hɪ21,ku33,ʨhi55,hɑ55,ʥy55,(tʂhɿ21)mɑ55
Lavu,lɑ55vu55,ŋ21dɯ55mu33,mi55lie21khu55,ɑ33ʦhu55,hu33bu33,kuɑ55,---,ŋ21thɯ21(thɯ21),ŋ21ʣɿ21bia21,mi55li21mi33,ti55tʂhu55,mɤ33hɪ33,ɑ33hu55,ɣu21,a55ʑa33,bɯ55ʂɑ33,ʔua21ʨhi55,mo55to33,xo21ʑin33,ʂuɑ55,ʑin13ʦɿ33,thoŋ13,xɯ55,lo33di55,kho21,ʑə33,ȵi33,ʦhɑ55,ʦhɑ55ɣuɑ21,ʂu21,---,ɣu21sa21,ʐɿ21ma33(miɑ55),---,ne21,ne21,(ʦhɑ33ɕi55)mɑ33,no33ʦhɿ21,ʂeŋ33thi21,ŋ21gɑ21,ʔu21ʦhɯ55,mia21du21,nu55khu55,nu21pa55ti33,khe21phe21,sɯ21,lu55,la21pha33,hɑ21pɯ55,dʐo21ʦɿ21,ʨhi55pha33,xu21to33,ʥi55,sʉ33,hə13mu33,ni33mu33,kan33,fe55,ʨi55,vu55,mɑ21,su21,ʥy21tʂu33,kuɑ21,bi55,ʨhi21,zɿ21,ɑ33vu55,a33ma33,ʨu33ʨu33,zu21,zu21mɑ21,zu21du55pu21,xɯ55piɑ33,tʂhɿ33ʂu21,ʣu55,tʂhɯ55ʂɑ21,gu21,zʉ33,ʂu55,no33,mu33lu55,ʦhæ33,ʦhu21,dʐu55phɑ21,xu21,dʐu13kɑ55,kɯ21ʣɿ55,hi55,dʐoŋ13kɑ55,kha33khɯ21,gu21lu55,ɣə21,ko21ʨhi55,ɑ55ȵu21,a55na33mu21,ʑɑ55,a55tʂhɿ21,ʑa33,du55la21,(ʑa33)fu33,va21,tʂhɿ21,ɕe55,ɑ21ȵi55,dʐa55miau21,zɿ21mu33,lu21mu21,ɑ33tʂhɿ55,ɑ55lu33,fu21li55,thɑ21lu33,hua33,ʂuɑ55,bu21di55,ʔia33,ʣɯ55mu33,by21,ʔu55pu21,ʔũ21zu21,sɿ33ʣɿ55,sɿ33ʨe33,(sɿ33)phy21,mu55du55,vie33lie33,ʂɿ21ʔy55,tʂhu21,"ba33, thɯ55",ɣuɑ55,ŋu55,"huɑ55, tʂu55",ȵi55,ʦhɿ33,hu33,"ʣe21, khə21",lia21,nɑ33,"mu33, sui55",lɑ55,lo33,"ʦoŋ55, pɛ33",na33,bu33dʐu21,ʣu21,dɑ55,ʐɿ21,hyo21,(ta33)dʐɑ21,kho33,ɣə21,mɑ21,"ʦɿ33, by55",da33,gɯ21,phi21,go33tu55,mi33,khu21,hu21,ga21,dɯ21,ɣɯ21,tʂo33,ta21,sɛ21,tʂha33,ʂə55,ʂɑ21,khə33,zɿ33,sə33,ɣa21,phe21,pe55,tʂɿ33,tʂho33,ŋɑ21,ta21,khə21,su33,phu33,ti33,ta33,"li33, ko21",gɑ55,kua21,pe55,tʂhuaŋ33,lo21,zɿ33,ʦhɿ21,ʐu55,ʔlə21,kɑ55,fu33,nu21,tu55lu55,py21,lø21,pu55,sɿ55,hy55,ɣua21,ɣuɑ21(miau33),gu33,khu55,ɣuɑ55,vu21,"tʂhɿ21, ʔõ21",ʂo21,dʐɑ55,dʐɑ55,ŋɯ55,ʂa21,ʔia21,do33,do33,gu33,piɑu33,vie33,ȵɑ21,ʦhe55,"lɯ21, bɯ21",ʨi33,by55,dɯ21,xua55,ʦu55,nu55,my21,"phə21, phau33",kuɑ21,tʂa21,ɕi55ʑɑ33,ʔõ21,ɕyo13,bo33,vu33,ʂə33,ʂa21,ɣuɑ21,ʔiɑ55,ʂɿ55,ʔy21,gu55,ʦhɿ55,thu55,bu21,(dʐu55)ʐɿ21,(dʐu55)tia21,(ma21)my21,na21,---,tʂɿ33,go21,lɑ55,zɿ21,ʐuaŋ21,kə33,xuɑ33,ʣɿ21,sa21,tʂhɿ33ɕi21,tʂhɿ33phe55,na33,phu55,ʔni55,ʂuɑ55,ʥa33kə33,ʦhu55,tʂɯ55,tʂhu55,khu21,sɿ21,bo33,mə21,phɑ33lo21lo21,bi33,ʑəu21,ʑi21,feŋ33ʑɑ13,ʂua21,ŋ21bɑ33,bɑ33,tha33,ŋu55,ȵi55,ʨhi55,ʨhi21,ȵi21,sɑ55,li55,ŋu21,tʂho21,ɕi21,xɛ21,ku33,ʦhɿ55(mu55),hy55,ʣɯ55,"ʨhyo13, mu55, lɯ21"
Lipo,li55phɔ21,a55mə21kɑ33,mie55nie33bɑ21,a55mə21nie33,xo33bo33,kæʴ33,---,a55mə21ti21,a55mə21ba33,mi33ȵiɔ33,ti33tʂhɔ33,a55mə21,a55mə21xo33,ɣo21,a44ʑe33,ɣo21ʨie33,vie55ʦu33,"a55tu55, mə21",mə21khə33(sɿ55),ʂæʴ33,phu33,ʥɿ21,xɯ33,nu33mə33di33,khɯ33,xo33bo33,ȵi33,ʦhɑ33,ʦhɑ33væ21,dɑ21pɯ55,---,ɣo21,"ʑɿ21mi33, ʒɿ21mi33",vei33xo21,---,ni21,(ʦhɑ33ʂɿ33)mo33,na33ʦhɿ21,gɯ33tʂhɿ21,vu55di33,vu55ʦhə33,mie33sæ21,nu55bi33,no55pɑ33,mi21khu33,sə21,lo33,"lie33bu21, lie33vu21",hẽ33po33,ʣu21ʦɿ55,ʨɿ33vu21,vu21kɯ33lɯ33,xo21nie33,sɿ21,hæ33,ȵi33mo33,"sɿ21zə21, sɿ21zɿ21",bə21,ʨɿ33,"vu33, v33",mɯ55tæ33,phe33,tʂɔ33,"kæ55vi33, kæ55vɿ33",vi33vi33,ɕɿ21,zɿ21,a33bo33,a21mo33,---,ʣo21,ʣo33mæ33,ʣo21du33,ʣɿ21phi33,ʂɿ55mo33,ʣo33,ʨhe33sa21,go21,ʐu33,ʂɔ33,nu33,mɯ33lɯ33,ʦhe33,ʦhɔ21,dʐɿ33pha21,xo21,gɔ33mo33,ʣɯ33,e33khɯ33,gɯ21,a55du21,lo55ʦhɿ21,və21,ʨho33ɣo21,ȵi21,mbu21,ʑiɑu33,a55tʂhɿ33,ʑie33,du33le33,fu33,ve33,a55no21,ɕe33,mɔ55mi33,mu33,lɔ33,---,tʂhɿ33,lo33,---,thɑu21lo33,hẽ33,ʂæʴ33,---,ŋɑ33,---,bo21,gɯʴ55lɯʴ33,ʔɔ55,sɿ44ʣɿ33,kɯ33lɯ21,phie33,mo33,ve33lu33,ʂu55bɑ21,a55tʂhu33,bie33,væʴ33,ŋɯ33,"xæ33, hæ33",di33,mi33,hĩ33,khə21,ko33,gɯ33,mɯ33,lɑ33,(lɑ33)ʨhɿ33,pie33,nie33,(dɑ33)no33,ʣo21,dɑ33,ʑi21mi33kɯ55,xa33tu33la33,ʣæ21,də21,vie33,bə21,"ʦɿ33, də33",ma33,gə21,pie44phɿ33,kæ55,tʂo33,khə21,ʨhiaŋ21,gɑ33,ʦho55,khə21ʨa33,xə33,dɑ21di33,ɕie33,gɯ33,---,sei55,tʂhɿ33,nie55,ŋɯ33,wa33,phu33lie44,phie21,tʂɿ33,tʂhu33,vɑ21,---,khə21,sɿ33,phu33lie44,pɿ55,tie33,li33,sɿ33,kɑ33,pe33,thu33,(phə21)lu55,ʐan24,ʦhɿ21,ʐɿ33,lə33,kɑu33,sɿ55,wo21no55,mi33,pɿ55,li33,po33di21,po33,ʨie55,ma33,nə21,ʨo33,ʔõ33,væʳ33,"vu21, wu21",ŋo55,bə33,ʥɑ33,ʥɑ33,ŋɑ33,(pie33)pha21xæ33,ȵia21(do44),du33,dʐɑ33,xo33,bu33,vie33,ŋɯ55,lə33,lie33,ʨie33,bə33,ʦɿ33,ʥɿ33,ʦu33,no33,mi33,phə33,kai21,ʨie33,ʂɿ33,mɯ55,ɕiɔ33,wa33,vu33,sɿ55,sa33(die21),væ33,ʐæʴ33,ʂɿ33,ȵi55,---,ʦhɿ33,thu33,bo21,vi21,næʴ21,mo21,nie55,di33,ʐɿ33,væʴ55ʂɿ55,la33khɑ33,li21,nu21,kə33,"xæ33, hæ33",vi33tʂhɿ21,ʦhu33,ʑiɔ21ʂɿ33,ʑɔ21læ33,nie33,phu33,ȵi33,ʂæ33,ʥie33,ʦho33,ʨie33,tʂhɿ33,khɑu21,ɕɿ21,bu33,mie33,lu21do33,"bi33, bɿ33",fu33,ʑie33,the33,tʂha33,ʂo55,go33(mɑ21),thie33,ŋɔ33,ȵi33,ʑɔ21,thi21,ȵi21,so33,li33,ŋo21,khu33,ʂɿ21,hẽ33,kə33,ʦhɿ33,hõ33,ʣɯ33,mo33
Lisu,li44su44,mo31kuɑ33,mi33nɛ33,mɯ31mi33,hɑ33bɑ33,"ku33zɑ33, ko33ma33ze33",sɛ31,mu31gu31pe35,mi31ɣo31ʥi31,lo55ȵɛ35,mu33ku55,mi31hı33,mɯ31hɑ33,wɑ31,e33ʥɛ33,ko33,ɣɑ55phi31,"ɑ55to55, mu31",mu31khu31,ʃi33,phu33,ʥi31,xo33,lo33ʦhi35,kho31,hɑ33,ni33,ʦho33zɑ31,vu31su33,bɛ33khɯ31,sɛ31mɑ33,sɛ31,e31mɛ33,ʦho33hɑ33,si33,ni31,ʃi33mo33,nɛ33ʦhi31,ko33de31,o55du33,o55ʦhe33,miɛ33sɯ31,"nɑ33khu33, nɑ33bi33",nɑ33po33,khɑ31bɛ31,si31ʨhi33,lɑ33ʨhɯ33,lɛ31phɛ35,hẽ31khi31,ʥo31ʦi55,ʨhi33phɛ35,o31to33,ko35ʥi33,si31,he31mɑ33,ni35mɑ33,si31,bu31mu33,ʧi33,vu33,ɑ55mo31,ʦhɑ31nɛ33,ʤu31,ʨi55ʑi33,bɯ33ʧhi31,khi31,zi31,ɑ31bɑ31,a33mɑ33,ɑ33vu33,zɑ31,zɑ31mɯ31,sɑ55zɑ31,phu33,e55ʃɿ55,ʣɑ33,ʨhɯ33,guɑ31,mu31zu33,zu33,ɑ55no33,mɯ33ʧhi31,ʦhɯ33,ʦhɑ31bo33,ʤi33phɯ31,xuɑ31,ʥɑ33gu33,kho31ʣe33,hɪ33,e31tɑ55gu33,ɑ55khɯ31,lɯ55thi33,ɣo31,ʨhi33zɑ31,ɑ55ȵi31,ɑ55mo31,ɑ33ʑo33,ɑ55ʧhi31,ɑ55ɣɑ55,du33lɛ31,e55fu33,ɑ55vɛ31,khɯ33(gɑ31),xɯ33,ɑ31ne33zɑ31,ʧɛ35mi31,lɑ31mɑ33,la31o55du31,ʧhi33,lɑ33,o55du31,tho31lɑ33,hɛ35,fu33,bɯ31di33,niɛ35,ʣe33,biɛ31,o55pɑ55(ni35ʧi31),ŋuɑ55,si35ʣi33,e55ʨe33,e55phiɛ31,mɑ33dɑ33,si35ve33,"ʃi55mo31, mo31",ʧhu31,the33,xɯ31,ŋu33,kɑ55ʃi55,ni33tɑ55,ʣi31,hɯ35,"guɑ31, ʦi35",lɯ31,go33le33,mu33,lɑ33,ʨi33lɑ33,tɯ35,lo55,nɑ33lo35,ʣɑ31,do33,e31tɑ55,he31,ʣɯ31,"hõ35, de31",guɑ31,mɛ33,piɛ33,dɛ33,go31,ʦe33phe35,go33,xuɑ33,khu31,hu33,gɑ31,de31,ʧi33,ʨo35,dɯ31,se31,kɑ55,bɯ33,sɯ55,khɯ35,ȵi55,pu35,ɣo31,phi31,ɣɑ31,ʧi35,ʨho35,ŋo31,ti55,ẽ35,si35,phu33,ʦi55,tɛ35,li33,si33,du31,ʑe33,sɯ33,lo55,nɯ55,ʦhi31,ʒi33,le55,ko33,tho55,hɑ31,ko33de31pho35,pɯ55,ʒi55,"pɑ33, lɯ55",si33,hẽ33,du31,vu31lɑ33,kɑ35,khu33,vu33,vu31,"ŋuɑ55, ʧhi31",bu33,ʥo35,niɛ35,ŋɑ33,ku55,nɯ31,do33,ʥɯ31,hɑ33,bu33,ve33,de31,ʦhe33,guɑ33le33,ʨe35,bi33,de31,ʤi33,ʦu33,nɑ33,(o55)mɯ33,o33,ʧi55,ʨɑ55,ʃi33,ma55,so33,bo33,vu33,se55,sɯ55,vu31,ʑo33,ʃi33,nio55,vu31,ʑo33,thu33,bɑ31,ɯ31,nɯ31,miɑ31,nɛ55,thɛ31,te35,go31,lo33,li31,nu31,fu33,"ʤu33, fu33",phɛ31,ʦhɯ33,ʃi31,lu33,nɛ33,phu33,si31,ʃi33,ʥɛ33,ʦhɑ33,ʨɯ33,ʧhi33,khuɑ31,se31,bo33,(he31)mɯ31,lo31,bi33,ni35mu33,ʑi31,vu33,ʨhɯ31,ɕuɑ55,bo33,ʦhɛ35,ŋuɑ33,nu33,e55,thi31,ȵi31,sɑ33,li33,ŋuɑ31,ʨho31,ʃi31,he31,ku33,ʦhi33,hɛ33,ʣe31,ʑo33
Lolopo,lɔ21lo33(phɔ21),mə21,mi33,mə21ȵi33,ɕiɔ33bo33,ke33,se33,mə21kɯ55dæ21,mə21ʑi55,ɕɑ33tɑ55,ti33tʂho33,mə21ɕi33,ɑ55mə21xo33,ɣo21,ʑi33,ɣo21me21,ve33ʨhɑ33,ɑ55tu55,ɑ55khə21(si33),ʂə33,phyo33,ʥi21,xɯ33,lu33,khu55,ɕiɔ33,ȵi33,ʦhɑ33,ʦhɑ33ʑæ21,ɣu33,u55kɑ55,ɣo21ni33,ʑi33mi55khɑ33,ɕio33,ɣə33so33po33,ni21,ɕi33mɑ33,no33ʦhi21,gɯ33də21,u55də33,u55ʦhɿ33,me33du21,no33ku33pi33,no55pɑ33,me21khu33,sə21,lo55,le21,xe55pɯ33,dʐu21ɣɯ21,ʨhi33ɣɯ21,ɣɯ21gɑ21,ʥi33,ɕi21,xi21,ȵi33mo33,se21,ʨhɿ21pɯ33,ʨɿ33,ɣu33,mə55tə33,"phə21, pho21","dʐu21, ʥu21",ke55,bi33,ɕi21,pɯ55ʂɿ21,"ɑ21bo21, ŋo33bo21","ɑ21mo33, ŋo33mo33",ɑ33ɣɯ33ʑɑ21,zo21,zo21mæ21,zo21du33,ʥi21phe21,ʂɿ55mo33,"ɑ55me21, ʣo33",ʨhe33sæ21,"go21sæ21, go21tʂhɿ33",zu33,ʂo33,no33,mə55,ʦhə33,ʦho21,dʐɿ21bæ21,xo21,ʥo33mɑ33,ʣɿ33,xi33,ʥe21mo33,ɑ55du21ʨhe21,lu55du21,ɣə21,ʨhi33tʂə33,ȵi21,mu21,ʑɑ33,ɑ55tʂhɿ55,ʑi33,du33le21,xu33,ve21,ɑ55nu55ʣæ21,ɕe55,"ɣu33mi21, ɣu33mə21",le21və55,lo21,zi33,tʂhɿ33mɑ33,lo33,u55də21,thɑ21o33,xӕ33,ʂə33,bə21mɯ33,ȵӕ33,ʨi55mɑ21,bio21,kɯ55li55,ŋo55,ɕi33ʣɿ33,ɕi33ʨe55,phe55,mo33,ve33lu33,"ʂɿ55, ʂɿ55bɑ21",ɑ55tʂhu21,be33,ʑe33,ŋɯ55,xə33,ɯ55,mə33,phi21,"ʣe21, go21; khɑ55",lӕ21,lə21,mɯ33,le33,di33,pi55,ȵi33,no55ȵi33,ʣo21,"dɑ33, tɑ33",ʔi21,xə21,ʣӕ21,"khu33, də21, dɯ33",ve21,bɯ21,ʨi55tu55,de33,gə21,ʣə33phi55,ku33,tʂo33,khɯ21,ɕy33,gӕ21,də21,khɯ21tʂɑ33,xə21,dӕ21,se55,to21,bӕ33,sə55,phe33,ȵi55,"zi21, ȵi55",vӕ21,ʣӕ21,ʣӕ21,tʂɿ33,tʂhu33,vɑ21,ti55,khə21,ɕi33,phu33,pi55,te33,li33,si33,"kӕ55, ʨӕ33",pe33,sə33,(ȵi21)lu55,mɑ55,ʨhɿ21,"ʐɿ33, ʐɯ33",lə55,kɑ33,xɯ55,ʨhi55nu21,(i21mo33)phu33,pɯ55,li21,"po33, lӕ55",si33,ʨe55,ʑe21,ʑӕ21,kӕ33gu33,ə33,və33,vu21,"ŋo55, tʂhɿ21",bɯ33,dʐɑ33,dʐɑ33,ŋɑ33,kɯ55,"ȵɑ33, thi55",du33,fu21,xo33,bu33,ve33phe55,ȵɑ21,tɯ55(ʨi33le33),bi33,ʨe33,byo33,ʨi33,ʥi33,ʦu33,no33,(u55)mɯ33ti33,phə33,ki55,ʨi55,ɕi33,mo55,ʣɑ33,vӕ21,ɣɯ33,sɿ55,sӕ55,ʑӕ21,ʑɑ33,ʂɿ33,ȵi55,ʑӕ21,ʑɑ33,thu33,bo21,və21,nɑ21,myo21,ne55,de33,mɑ33,gu21,lɑ33,li21,nu21,kɯ33,fə33,ʣe21,ʦhu33,ɕi55,li33,ne33,phyo33,ȵi33,ʂə33,"ʥɿ33, tʂɿ55",xɯ33,ʨe55,tʂhɿ33,khɑ21,ɕɿ55,bo33,me21,lo21,bi33,ʑo21,ʑi21,thə33,ʑe33,ʂo55,so33,the33,ŋo33,ȵi33,ʑӕ21,thi21,n21,so33,li33,ŋo21,ʨho55,ɕi21,xe55,kɯ33,ʦhi33,(thi21)ɕyo33,ʣɿ33,"mo33, ʑu33"
Lope,lo213phɯ21,mɯ33,mɪ44,mɯ21ʥi21,lu21bu21,ʨæ˞44zɿ33,---,ʦæ˞33,mu33dæ˞213,mɪ44nei33,tɚ44,mɛ44hɛ44,mo44hõ44,vu21mo21,ʑɪ21ʥə21,bə213,fa55,mu55tu55,mɯ44khæ˞44,ʂɚ44,thɯ213,ʥɿ21,ɕæ˞213,lu44bə21,khu55,"hʉ21, lə33",ȵɪ21,ʦho213,ʦho213ɣæ˞33,ba33,mɪ213,vu33,ʑɪ55mao21,ʑɿ33hʉ44,sæ˞213,no33no44,a21mo44,khu21ʦhei33,gɯ21dɯ213,ʑɪ21go21,ei44ʦhei44,na33dɯ33,nu44nei21,no44po44,mɪ55phɪ33,dʐæ˞213,ɬo44bei44,la55,a44pei44,dʐu55ɣɯ33,ʨhɪ21pa33,ɣɯ33bɯ55,"xu33sei33, ʥɪ213",sɿ33,hɛ213m21,ȵɪ33m21,a21sæ˞213,a21ʦhɿ21(po21),a21ʨɿ44,ɣɯ213,a21mær33ʥɪ33,mæ˞55,"ʣɪ33, ʥɿ33",ʨæ˞55,bu33ʑɿ44,ɬɿ33,zei33,a44bə21,a33mɪ21,a44ɣɯ44,zɿ33,a21mæ˞33,zɿ33dɯ44,ʑi21m21,a21ʂɿ21,ʣu213; ʨhɪ21,ʨhæ˞213sæ˞33,gu33,zo21,ʂu44,a44nu33,mɯ44lɯ44,ʦhæ˞213,ʦhu33,ʥɪ213,xu33,ʥɪ21m21,ʨhiao21,hɛ213,ʑɪ55do21,hɛ213gu21,ɬo55,ɣə55,ʨhə213,ȵɪ33(ȵɪ44),mo33,ho213,ʨhɪ55,ŋa33,to21la55,ɬu21,va55,ʨhɪ33,ɕæ˞213,mæ˞33næ˞33,a44nu55,lo55,zei55,tʂhɯ213,a44lu33,a44dɯ33,a33ɬo21,"mɯ33tɯ33, ha33",ʂɚ44mo21,bɯ33,ha33,ta55mo21,du33,a44pu33,a44ŋu33,sei33,sei33bɯ55,(sei33)pha55,mæ˞44ʂɚ44,vɪ44lu21,po55,ʣei21bei21,"miao213, ba33",ɣæ˞213,ŋɯ44,"khɚ213, dʐu33",nɛ213,mɪ33,hɯ33,"ʥə213, xa55",læ˞55,"thuə33, lə33","mɯ33, sei44",lɛ213,kə33,pɪ33,nɪ44,nu44,ʣɿ33,do213,ʑɪ55,hə55,ʣæ˞213,də55,vɪ55,bɯ21,"tʂæ˞55, tə55",da33,bɪ21,kæ21næ˞55,kə21to21,ʂu55,khɯ33,phæ213,tei21,dei21,nə33,ʨiu33,dæ˞213,xu33,ta55,ʂə213,sæ˞33,ʣei33,zei23,zɯ55,væ˞55,thɯ21,ɣa55,ʨɪ33,ʦhæ˞213,ʨiu44,tei55,kə55,sɯ33,phə21,pɪ21,ta33,læ21,sæ˞21,dɯ33,mɯ213,sæ˞213,thɯ21,hu21,ʦhei33,ʑu44,ɬə55,ko44,fɯ55,nu33tu33,gɯ213dɯ213fã33,ʨha33,ɬə33,ɬæ˞55,sei44,hʉ213,ɣə33,ɣæ˞33,(læ44)gu21,va33,væ˞213,vo21,tʂhɿ33,tʂhao44,bo21,dʐo213,ŋə213,kɯ55,ȵa55,du33,ɬɪ44,"ho213, za55",bɯ213,vɪ33,də55,bæ˞213,bə33thæ˞33,ʨɪ44,dei213,tı213,xua213,ha33,nu213,ŋæ˞55,"phə55, pho55",(ʨæ˞55)kɯ55,tʂa55,"ɕɿ213xu213, sei55",mo55,so44,gu33,su213,sɯ21,sæ˞55,ɣæ˞33,ȵæ44,ʂɚ44,ȵə33,ɣæ˞33,ʦhæ˞44,thɯ213,bu33,vɿ33,næ˞33,nu33,na55,dei44,tɯ21,kæ˞44,lo213,lɪ33,nɯ33,kha33,fæ55,æ˞33,ʦhɯ213,ɕɿ55,ɬɯ44,na33,thɯ213,nɪ44,ʂɚ44,ʥa33,mə33,ʨə44,tʂhɿ44,kho33,sei55,bu33,nɪ55,lu55xu213,dæ˞21,ʑu33,ŋæ˞55,ŋæ˞55xu213,"dɪ33, ʑɪ33",ʂu55,bo21,pei55,õ44,nã44,kɯ44,thɪ21,ȵɪ21,sə44,ɬɪ44,ŋu33,ʨhiu55,ʂɿ21,hɛ213,kɯ44,ʦhei213,ho213,ʣə213,"mɯ44, ʨhæ˞44"
Maang,maaŋ33,mɑu35,nei55,mɑu35pui44,mu21la21pa44,mu21ʨi33ma33,sa33,mə21ʐo33mɯn44,mɑ21la33,nei55kei21,mɑu35ni33,lai55,ɣei55,vɑ35,ɣei33,pom33,vɣɔ35,mi35,mi33khɑu35,ɣɯi55,phiu55,thoŋ33,ɣɑm55,"hɔ35, ŋɔ35, ɬɔ35",qhɔ35,la33,nai35,sɑ21,sɑ21kaŋ33,"tan21, taŋ21(ʥiap35)",miŋ35,ʐei33,mɑ35tau35,qei55,tie35ni33,tie21le33ɣɯi33,ɣei55,sai33,sak21sai55,ʔo35,ʔo21mi35,tiu33,tie33,pɑŋ33,ŋuɪ35,ŋuɪ21so33,ŋuɪ21lei33,la35,"gɔ35, ŋɔ35",koŋ55,khei33,ɣɑu35,"gei55, ŋgei55",sai35,vei35,duə35,sɯn35,pɯa33,kei55,"ɣu33, wu33",mi33,thie33khai35,kuə35,ʔu35lɔ55,na33,vi33ɣei44,ʨhɔ33li55,pa35,ma35,ŋui35,sa33ʔa44,mə33sa33ʔa44,ŋɤ21ʔa44,phia35,(qha33)ʑau21,mia35,ɣei33qɑ44,mə21gɑ35,mə21la35,hõ21miã35,no35,---,(vɑ35)sɯi55,ʔdie33,ʣai33,ɣa35,ʥiau35,ʥiɑu33,khaŋ35,ʑi35san44,tuə35,la33,ʨuə35,mai35,ȵio35,moŋ35,ŋɑu35,---,ɣɑ35,ɣɑ35toŋ44,ɣɑ55ɣu33,vɑ35,khui35,(khui35)ʔe55,miau55,nio35,ʦhom35,---,---,---,---,va55thu35,va55ȵiau55,vɯi33,---,ŋɑ55,sɯ33liaŋ44,tia33ʑiŋ33,pu21tam33,tia33,ʦa33,(sɯi33)ʦhe33,(sɯi33)phia21,ma33,"ʔniõ33, niõ33",ȵiau55,ʨhuə35,(taŋ21)ʥiap35,ɣɯi33,ŋɑu33,"ʨie35, tie35",dien33,tiu21niu55,nau33ŋui44,"sɑŋ35, khui35",dien33,lio55,pa35,la33,ɣo33,qhɑʔ55,so35,kɑ35,sɑ35,ndaŋ33,ʑi35,ʑau33la33,(moŋ35)sɯi35,van33,van33,ba55,"lo55, tau35",tɑ35,pai21,die35,ŋgɔ55la33,ɣɑ55,khɑu35,ʑe21taʔ35,ʦɯi33,daŋ35,ŋuɑ21(ta35),ʨie35,tie21,sai35,nam55,(qhɑ33)ʦhi55,tɪ55,phui33,ȵie33ta35,ʔi33,ba21,phie35,ɣɑ35,mo33,khen35,ʐei55,thoŋ35,xɑu35,pɯn33,phaŋ35,pai33,ʦhɯi35,loŋ33,sɯn55,(ʑa55)bo44,mu35,ʔniu33,tɑŋ35,ndon33,sai35,ʐəum33,lɑu33,lium33,khɑu35,dam33sa35,ʑi21ɣa33po44,pɯi44,lie44,pɑ55,sɪ55,taŋ35,dɔ35ʔi33,kɑŋ33la44,liau33ʔi33,ku35,vɯi33,ɣoŋ35,ʦhai35,vɯn33pa35,nai33,nai33,ŋai33,kui35,mie35,(kui33)tɔ35,pia35lau35,"(vɑ35)lai35, ɣei55le21",pu33,vɑ35,tie35,bio55,len35,ta35,bɑŋ35,daŋ35,ʑiou55,"xɯi33, ɣɯi33",na33,xun33,ɣɑn33,pɑ33,ʦa35,ɣei55,ma55,ti21,(ɣei21)po35,ɣəu55,ʨi55tie21,sɯi55,kɑŋ35,ʔdiʔ55,moŋ55,tiau35,kɑŋ35,ʔdiʔ55,thu33,pa35,ve55,ʔdiau55,mia35,liu55,qen35,dien33,kue35,lia55,khen35,nu35,qei55,ti55,ʔeŋ35,su55,ʑi21ɣɯ44ʑi33,li55,na35,ʦɔ35,ni55,ȵɔ55,kɑ35,ȵe55,ʦan55,ʦhau33,qhɑ35,ti55,mbɔ35,qhe55ʑa33,---,---,khui35,bɔ35,lai55,hie35,ʑa35,sa55,tha55,ŋa33,na33,ʑa33,thi35,ni35,sɔŋ33,lai35,ŋa35,khɔ35,ɣɯi35,ʑi35,kau35,sɯi55,ʑa55,som55,pha35
Mondzi,mo21nʥi21,mo21,mie13,mo21pei13,lie13pɔ21,mo21ʨi13,---,mo21thøi44,mo21mia55ʨøi53,mie13ʥe13,mo21mu53,la53tʂɔ33,ʑe13,vɑ21,ɔ33,pei13,pa44,mi21,mi21kho33,xi44,phu13,thoŋ21,xøi13,lu44mɒ13,khu53,"lɔ53, lɔ44",nie44,sɑŋ53,sɑŋ53xi13,tɑŋ21,mɑŋ35,ʐɑŋ44,ʑi13mɔ44,i33ni44,ni44,ni44,sɑŋ53xie13,se44,mɑŋ13,mɔ55bu53,mɔ55sui13,khi13,tʂoŋ53,lkɑŋ53,mɑ21,ʨi13,ma21li44,lɔ44,boŋ53,ʨiu44,khe13,u53ɣo21,"ŋge13, u53ŋgie13",kɔ53,---,ni53(tʂu13),ka44,se44,ta44,se53,i33ʥe44,mu44nɔ44,ku21,a44,bie13,khɛ44,ʐe53,pɔ21,mɔ44,ʑu44pɔ21,sɑŋ53pɔ13ɔ44,sɑŋ53mi44ɔ44,---,phiu13,i44ʨo21,zɔ13; mu44,khɔ13,ŋgɔ21,doŋ44,doŋ44,nu44mɔ13(khi13),mo13,si13,sɔ44,ʥe13,ʔu53,tʂu44mɔ44,koŋ44,pa44tʂu13,tan13,tʂu44kɔ21,lɔ44,tʂu44,me21,niu21(ʨe13),moŋ21,---,ʨhi53,ɣo44,lo21viɑ44,(ɣɔ44)tø44,vɑ44,khui44,xɔ44,miɔ53,miu44,ko53,lɔ21,ʨhe13,---,---,mie13nʣu53,ŋei53,vi13,pi53,ŋɔ53,ʐɛ13liɑŋ44,piɔ21(ʐe33),pɔ44ʐoŋ44,ŋɔ21(ʐe33),si53,si53ʨhi13,(si53)phiɒ53,mɔ13,vei44,ʑe21ŋo44,ŋɑŋ44,ŋgui13,ɣi13,ŋo13,"boŋ13, ti53",tie13,nyi33,ŋui13,"ŋgua21, ga21",li44,"xo53, kho44",po44,lɔ13,zɔ44(pɑŋ21),"ʣo53, nʣo53",ŋi21,tʂɔ21,zɔ21,dɑŋ13,bo53,ɕo53,khui21,khu53,vei44,bɔ53,"to44, ti44",tɔ44,pie21,pɔ13,ŋgu44eɔ44,xɔ13,kho44,ʨhaŋ53,"dʐɑŋ44, ŋgɔ44",ta21,ŋɔ44,"ʨɛ44, xɛ21",tʂho53,si53,ʣoŋ44,---,bɔ53,tie44,na53,nu53,ba21,phi53,phi53,gan13,"ka53, ʨhiu53",ʑi13,ton53,kho53,si53,phɑŋ44,pie44,to53,lui44,fi44,bu44,mu13,si13,phie44,fɑŋ44,"ʑɒ44, dei44",la44,lo53,kɑŋ13,ʨhu13,"nɔ21, niɑŋ44",mɑŋ44pʊ53,pi44,ɕi53,pɔ13,si13,ɕu13,ba44,du13,mei53,ku13,vei13,ɣoŋ21,"ŋɔ44, ʨhe44",zɑŋ21,nie13,nie13,ŋɛ53,kui53,dʐa55,kɑŋ21,---,lie21,bɑŋ44,pa53,phi53zɔ44,ti13,tø13,tho21,bɑŋ44,ndia21,ʔu13,ŋgui13,nɔ13,viɛ13,"ɣɑŋ13, phie13ɣɑŋ13",---,(se44)ʨɔ53,xie13,mɔ44,ɕo21,pu44,---,ʨhoŋ44,si44,du13,ia53,moŋ13,de53,---,zi13,thu13,pɔ21,lei44,thu53,bu44,ʂa44,ʨhe53,dʐoŋ13,lkiu13,tʂɔ53,kha44,nø53,kɔ53,pi13,bie44,su13,xi53,li13,nɔ44,phiu13,ni13,xi13,tʂɔ44,mia44,ʨa13,ʨho13,"khɔ44, ma21gø13",pi13,mbu44,mei44,liu44zɔ44,pi21,khui53,ni44,ʂø44,bia53,ɕɔ44,sɔ13,thɔ53,ŋɔ13,na13,ʑa21,ta21(ɔ44),ni44(ɔ44),soŋ13(ɔ53),lɛ13(ɔ53),ŋɔ21(ɔ44),khu53(ɔ44),xe13,ɕi53(ɔ44),ko13(ɔ53),si44(ɔ53),(ta21)ɕɔ13,(ta21)zui13,ɔ53
Namuzi,næ55mu33zɿ31,næ55ŋkhæ31mu31,ʥu55ʁua55,ȵi55mi55,ɬi55mi55,tʂɿ31(lʉ55),sæ35,mu55guæ31,mu55mæ31,luo55,tʂu31,---,"ʔhĩ53, hĩ53","jy31, jʉ31",ndʐɿ53,ŋga55gu55,---,mi53,mu55ŋkhu31,hæ53,ŋu55,ʦɿ53(ʂɿ55qa31),ʂu53,lu55qua31,khuəʴ55,ɬi53,ȵi31,ʦhuo31,ʦhuo31dʐɿ31,duo55,quo33pæʴ53,ma31ʁa31,jʉ31mæ35,əʴ55ɬi31,"si55zæ55, ɬæ31",tʂha55,---,ʦe55,gu55mi55,ʁua53əʴ31(lʉ31),ʁua53hũ31,miæ53lʉ31,ȵi31ŋga55,ʔhĩ31pæ55,"mi33nʦhu53, mi33mphsɿ53","xi31, xə31",ji33ɬæ53,læ31kæ31,"ʔhĩ33bi55, hĩ33bi55",dʐu31mi31da55,"tʂhɿ53tʂhɿ31, tʂɿ53tʂɿ31kæ31",ʂa55qa55,əʴ55ʂɿ31,sæ31,ʥʉ33lʉ55,ȵi33mi55,si55,nʦhʉ35,tʂɿ31lʉ55,vu33ȵi55,mæ31ku31,tʂɿ31,gu55ʦæ31,ku33ɬu55,mbæ35ɦæʴ55,ʦhɿ31bu53,mbæʴ31,a55da31,a55mi55,a55vu55,zi53,zɿ33mi55,zi53,ba31dʐɿ55,ʐuo31ʐɿ55,(ntʂhu55)ʣæ35,ʣi55po53,ji31qha53,mu55ʣi55,ʂu31,nʉ55lʉ31,mu31tʂha55,ji53ʦɿ31,ʦhi31,vu53,ʂɿ31,əʴ55gu55,ʣuo55,jʉ55lʉ53,qæʴ53,qhuo55bu53,li31,ʁuo31,khi53,ɣə31,mo53,jo55,ʦhɿ35,ɦæʴ53,du55tʂɿ55,ɦæʴ55ʁuo55,væ31,tʂhɿ31,ʂu55,χa31la53,ga31tʂu55,(ʦhuo33ʣɿ31)la55,zӕ31,---,li31,da55,thuo55li53,χa31ʦɿ33ʦɿ55,bəəʴ53,bu55ʥi31,ge55zɿ55,kӕ35,"nʣɿ53, mbzɿ53",pa33mi55,zu55,sɿ33po55,sɿ33po55pӕʴ31,"sɿ33phsɿ53, ʦhɿ33ʦhɿ53",ma35,mi55ʨuo31,ʐu55,ntʂhɿ31,ʂuo53,dʐɿ33dʐɿ55,ŋgu55nʥu53,thuo55,nʣʉ53,ʨhi33mӕ33mӕ55,"ntʂhɿ53, mi33khu53","ŋi31ŋi55, ŋi31; ɴqhӕ31",jӕ31,ȵuo31quo55,fu53,dӕ35,tu53dʐu31,pӕʴ35,lʉ35,bӕ55hĩ55,ʣi53,dʐɿ35,jʉ33ʉ55,ʨhi31hĩ31,ʦӕ53,"luo35nʦhӕ55, nʣӕ31",ɣə35,bӕ33bӕ55,luo31nʣӕ35,ʁӕ33ʁӕ31,ʨhi31kuo31,ʨhi33xi33xi53,luo31ku35,ʂu31,ŋkhu31,ʐɿ35,qhuo53pӕ31,ŋkhi31,quo31ta53,qu33qu53,"mbo31, ndu55ndu55","ɴɢuo31, tu35",ɴɢuo31,qha31,sɿ31,ndӕ35,mi31nӕ35,lӕ33bӕ53zuo31,jy31,ʨhi33phʐə33phʐə55,nʣi31,mphʐɿ35,ntʂhu35,ku33ku35,ʨ31ʨy35,qӕ35,ʁuӕ35,χa35,tӕ35,tӕ33tӕ55,le33le55,sӕ55sӕ53,qӕ35,mu55,sa33za53,ʦhɿ53/35,χo35,ʦhɿ31,dʐu31,mi33χa33χa55,ɣӕ35,mu53ŋkhu31,ȵi53tӕ31,tʂha33phu55,pəʴ31,qa53,mi31tӕ31ki55,sʉ53,ʁuo55mӕ31,ʨhi33ndʐu33ndʐu35,luo31da31dʐa35,ʁa33ʐɿ55,ndʐuo55,hӕ31,ntʂhɿ53,"ȵi31, ntʂhɿ53",zuo55,"dʐɿ55gi55, dʐuo53",dʐuo53,ʥi55,ku31,ʨhi31jӕ35,(ȵi55mi55)tʂɿ55,fu53,---,piao55,luo31ʁuӕ53,ʨhi31ʦӕ35,mi33ɴɢuo33pa31,mi33quo31ʥu53,tʂi35,mi33ndʐu55ndʐu55,nʥʉ35,mi31li53,luo31ʦhʉ31dʐu31,ŋguo55,hĩ55ŋӕ53dʐu31,əʴ55pa53,ʨhi33ta33qa53,tʂa35,ʂɿ31quo53,mi33mi55,suo31suo53,ʐɿ33ʐɿ55,mi31sa35,a33ʥi31mӕ53,"ʨhi31ɿ31sɿ31, sɿ31",da53dʐɿ31,a33ʦɿ53,da53ʂa31,a33nda55,da53bo31,ӕ33ʦhʉ55ʦhʉ31,dӕ53ɬӕ31,ӕ33bi53,da53qhu31,ӕ33nʣʉ55,da55bʐə31,da53mo31,ӕ33hĩ53,tʂɿ33tӕ35,qhuo55qhuo55,ja55ʦhӕ,lu31ʐӕ35,pu55qa31,lu33vӕ55,fu33tʂɿ33gӕ53,ʦuo53ʦuo31,ɴqha53,sɿ55ʦӕ31,gӕ35,nӕ55ɴqhӕ53,phu53lu31,ɬuo53χuo31,ʂɿ53qa31,"gӕ53, bo55",ʦhӕ53,luo31ʧu31,luo31nʦhɿ31,luo31qha31,luo31fuӕ35,ŋu55ku53,ŋu55zʉ55kuo53,lu35,bu55tӕ53,luo31nthӕ31nthӕ53,(vu53)əʴ31qa35,ʁuo55ndʐuo55,luo31ɬӕ35,phu55ndʐɿ55,su55qӕ31,nthӕ35,ŋa55,nuo31,ʨhi55,ʨi31,ȵi53,suo53,zɿ31,ŋa31,qhu31,ʂɿ31,ʔhĩ31,ŋgu31,χuo31,(ʨi31)ʔhĩɔ53,ʣʉ31,ku53
Nasu,na33su33(pho55),mv33,mi33,ȵi11ʥi11,ɳu2bu2,ʨɔ33,sɑ55,mv33kɯ11,mv33dɚ55,ɳɒ11,tɔ33,ɳɯ33,hu11,vɤ33,ji11,bɤ11,fɑ55nɑ2,mu33tu55,mu33khɯ33,ʂɔ33,ʈhv33,ʥi33,ɕe11,lɤ11bɤ11,khu55,ɳu2,ȵi11,ʦhɒ11,su55ɣɔ33,dɒ55,u33kɒ33,ɣu33,ji55mɑ2,ji2ɳu11,si33zu33,nɑ2nv55sv33,mɒ33,ʦhi33,gɯ11phe33,u33,u33ʦhe33,nɑ2dv33,nu33mu33,nu11pɒ33,ȵe55,dʐɔ11,ɬu33,lɑ55,u55pe33,dʐu55,ʨhi33,xɯ11ɣɯ33,ȵʨhi11,sɯ33,hi55,ȵi2mu2,sɿ55,ʦhɯ55,ʨi33,ɣv11,mɒ11ʂv33,khu33,ʥv33,ʨɔ55,ɳʈhɚ11,ɬi33,zi33,ɑ55de33,ɑ55me33,ɑ55ɣɯ33,zu33,ɑ11mɒ33,zu33nthv33,"ʥi33bɔ33, ji11mu11",ʂɿ55mu11,ʣu11,tʂhe11,ŋkhu33,zv21,ʂu33,nu2,mv33,ʦhɔ11,ʦhu33,ɳtʂhi11,xu33,ʥu2,nʦhe11,hɚ11,ʥe33,ŋkhu2,ɬu55,ɣɤ55,ʨhɚ11,"lu33, ȵi33",mv33,hɒ11,tʂhɿ55,ɣɑ2,dv11lɑ55,ɬu2,vɑ55,ʨhi33,ɕe11,ɑ33mɚ55,ɑ33ɳu55,lu55,zi55,tʂhɿ33,lu33,u55dɯ33,ɑ55ɬu2,hɑ2,"ʂɔ33, bv33ʂɔ33",bv33,ŋɑ2,ʈɑ55,ɖu11ȵi33zu33,u55pu33,ŋu33,si2,ʨe11,phɑ55,mu33,vi2,ʂɿ33,ʣɯ55,"he11, ȵʨhɯ33",ɣɔ11,ŋɯ33,mphɑ2,ȵi11,pi55,---,"ŋkhu33, nʦhz55, ʨhɤ55",lɚ55,lɤ33,mɯ2,le11,ʨhi11,ʈhi2,nɑ2,nu33,ʣu33,nthɒ11,ji55,he55,ʣɔ33,de55,"gu55, ku55",bɔ55,du11,dɑ2,"ʥe55, bi55","ɳɔ55, phi55",kɔ33,"ʂu2, ʂu33",khɯ33,nɒ55,ŋkhɑ55,mphv33,fɑ55,ʨu2,nthv11,xu33,"ŋkhɯ55, si55",mphɚ2,sɔ33,dɚ2,ȵi55,zɯ55,vɚ55,tʂhɚ55,ɣɑ55,tʂɿ2,tʂu2,ʨu33,te33,khɤ55,sɯ2,phv11,pi55,tɑ2,"li2, nthɯ2",sz11,kɚ55,pe33,sɔ11,ɬu55,hu11,ʦhi33,ʣe11,xɯ55,ɬɤ33,sɯ55,ɕɒ33,pu2,ʨi55,lɯ55,"dʐe33ɬɔ55, ɬɔ55","se33, ʨhɒ33",tɒ33,dɑ2,ju2,gu2,khv33,vɔ11,vv55,"ŋu33, tʂhɿ33",bv11,"bɒ11, dʐɒ11",dʐɒ11,ȵe11,kɯ55,"ȵɒ33, nɚ55",du2,tu2,hu11,bv11,vi2,de55,ʦhe11,ʥɿ2,tʂɿ33,ɖe11,nthe55,ʥi11,ɳɑ2,nu11,ŋɚ11,phɤ55,ʨɔ55,tʂɑ55,ɕi33,mu55,nʦhɒ33,ŋkhu2,ɣɯ11,sɯ55,sɿ55,ɣɔ33,ȵɔ33,ʂɚ33,ȵɤ33,ʨhɯ33,ʦhɿ33,thv33,bu33,vi33,nɔ33,ɳu33,nɑ55,de11,"tv11, ɖv11",kɚ33,lɒ11,li33,"nv33mɤ2, ɳʈhɚ2",xɔ11,fɔ2,ʣɿ33,"ʦhv33, ɳʈhɯ33",ɕi55,ɬɯ33,nɑ2,ʈhv11,ne11,ʂɔ11,"ȵʨhɒ11, ʥɑ2ŋkhɤ11",ʦhu11,tʂe33,tʂʐ11,"khɒ33, ŋkhɔ33",si55,mphu2,ȵi55,lu55,ɖɚ11,ju33,"ŋɚ11, ji55",ɣv33,nʈhɑ55,ȵʨhɔ11,"bɒ11, ʥu55",thɑ2,ŋu11,nɑ11,thi11,thɑ11,ȵi55,sɒ33,ɬi33,ŋu33,ʨhu55,ɕi55,hi55,kɯ33,ʦhe11,hu11,ʣɤ11,lɤ33
Naxi,nɑ21ɕi33,mɯ33,dy21,ȵi33me33,xe33me33,kɯ21,sɑ55,mɯ33gv33,gæ33miə21ʦe55,xu33,ʨi21,xɚ33,xɯ21,be33,ʥi21,ʥy21,æ21,mi33,mɯ55khɯ21,xæ21,ŋv21,ɚ33,ʂu21,lv33,khv55,"xe33, χe33",ȵi33,ɕi33,ɕi33dɯ21,kɯ33tʂɿ21,miə33,kɑ33tɯ55,i55mu33,o21,phv33lɑ21,ʦhɿ21,ʂɿ33mu21,tʂhɚ33ɣɯ33,gu33mu33,"kv33, ku33ly33",kv33fv33,miə21,ȵi55mɚ21,xe33ʦɿ21,"nv55tɑ33, nv55",xɯ33,ɕi55,lɑ21,dv21me33,thɯ55,khɯ33,"o33, so33lo33",ɣɯ33,sæ33,xu55,nv55me33,sɚ55,tʂhɚ55,kɯ21,bv33,mæ33,tʂɿ33,"sæ33bɑ21, gv33bɑ21",ʦɿ55,bɚ33,ʨhɚ33,bi33,"ə33sɿ21, ə21bɑ33",ə21me33,ə21gv33,zo33,mi55,ʣe33ɣɯ33,ʨiə55iə33,lɚ55,xɑ33,ɕi21,"ə55gɯ21, ə55khɑ33",mɯ33ʣe33,ʣe33,nv21,mu55,mɑ21,ʦhe33,ʐɿ33,ʂɿ33,zɿ33gv33,ʣo21,ʥi21,tʂuɑ33,khu33,le33,ko21,khɯ21,ɣɯ33,ʐuɑ33,y21,ʦhɿ55,æ21,dv33,kv33,bu21,khɯ33,ʂu33,xuɑ55le21,ə55y21,lɑ33,dʐɿ33,ʨhi21,le33,dӕ33,tho33le33,fv55,ʐɿ21,bi33di21,v55zi33,uə21,bӕ33,pɑ33,ȵi33,ʣɚ21,ʣɚ21khɯ33,phiə55,mɯ55,bɑ21,zɿ33,ʨhi33,ʂə55,zӕ21,ŋv21,khɑ33khɑ33,ʣɿ21,mɚ55,tʂhɚ55,"gɯ33, thɚ55",iə21,ko33,mu21,"lɯ33, ʦhɿ21",thv33,ʦho33,ly21,kho33mi33,ʣɿ33,thɯ21,i55,xy55,ʣӕ33,"thӕ33, kɯ55, ʣɿ21",mu21,pɑ33pɑ21,bɚ21,tʂhuɑ55,iə55,phi55,sɿ55,ʂu21,khv33,ʣɚ21,ʦi55,my55,ʦɿ55,tʂɚ21,lɑ55,sy55,gv21,khӕ55,sɿ33,"lɯ55, dɑ55","ʐɚ21, nɚ55",ȵiӕ21,bi21,phiə21,tɚ55,pɚ21,ʣe33,tʂɿ55,ty33,ko33,bӕ21,phu33,tɚ55,to21to33,---,ʂɚ21,dv33,be33,ko21,lv55,zɑ55,tʂhɚ33,i21,---,tɑ21,mɯ55,ɕiə21,le33kə55pv33,pɚ55,phv55,"khӕ33khӕ33, khӕ33",sɿ33sɿ21,ɕi21,bv21,gə21dɯ21,"gӕ33xɯ33, guə33",lɚ21,xӕ21,ʨhi33,ȵi33,"ӕ33, ʨhӕ55",ʥy33,ʥy33,uɑ21,kv55,"tӕ55, ʨhiə55",thv33,thv33,gɯ33,pi33,bɑ21,tӕ55,dʐu21,biə21,ʨi55,bi21,ə33gv21,dʐɚ21,ʦhɚ21thv33,gu21,zɿ33,u33,ʦɿ55ʦɿ33,go21,ʂɿ33,me55,so21,pɚ55,ʐuɑ21,piə33,"sɿ33sɿ21, sɿ33",dɯ21,ʨi55,ʂɚ21,dɚ33,py33,ʦhɿ21,lɑ55,be33,khɯ33kho33,nv55,bɯ21,xo55,be33,tv21,gv21,y21,lɯ33,bɚ33nɚ33,ʥy33,pv21,dʐɚ33,bv33i21,ʂɿ55,lv21,nɑ21,phɚ21,xy21,ʂɿ21,ʨhi55,ʦhɚ33,ʨi21,ʨhi21,khɑ33,ʥi21bv21,gɯ33,ʐu21,mu55,"ʂɚ55, ʂə55",kӕ21kӕ33,ʐɿ33ko21,nv33,kӕ55,si33,xɯ21,thɑ55,ŋə21,"nv21, u33",thɯ33,dɯ21,ȵi21,sɿ21,lu33,uɑ33,tʂhuɑ55,ʂɚ33,χo55,gv33,ʦhe21,ɕi33,ʣɿ33,"kv55, gv33"
Nesu,nɤ55su13,mi33,mi13,ȵi21nʥhi21,lo21bo21,ʨe13,---,mi33ʨy33,mi33ɖe13,mi13lɤ33,te13,mi33hi13,mi33ho13,ɣu33,ʑi21,bie21,fɑ13,mi33tie13,me33ʨy33,ʂe13,ʈhu13,ʥi33,ɕe21,lie33mo21,khu55,ho21,ȵi21,ŋu33ʦho33,su21ɣe33,ɖo55,ŋu33ko13,ɣu33lɑ13,ʑi33mɑ55,ɣɪ33ho33,se21,ʦho33bu33,(su33)mo33,ŋɛ33ʦhi33,ʥu21phɛ33,ŋu33ŋgo55,ŋu33ŋgo55mi21,nɑ33du33,no21bɪ21,lo21po13,hi21du21,dʐe21,ɬo13,lɑ13,lie21pu33,dʐe21gu33,ʈhu33ʨhi13,xo21ʑy33,nʥi21,sy33,hi21mo55,nɪ21mo21,se55,ʦhy55,ʨi13,ʨy33lo33,me21ʂu33,khu13,ʥu33,ʨe55,nde21,ʈhi33,zi33,"ɑ21bɑ33, su33mo55",ɑ21mɑ33,ɑ33ʑy33(ɣe33),zu33,ɑ21me33,zu33ndu33,thu22ʦhi33,ʂy55,ʥɑ33; ʣo21,tʂhɿ21se33,ŋgu33,zu21,ʂo13,ȵe33mo33,mi13,ʦhe21(bɑ33),ʦhu33,ndʐɿ21,xu33bɑ33,ʥo21,ʣe21,hi21,ʥi33,ŋgo21khɤ33,ɬu55,ʑi13,khe21,ȵy33,mu33,ho21,tʂhi13,ɣɑ33,du21lɑ13,"ndo55, ʈhu21",vɑ13,ʨhi33,ɕe33,ɑ55tʂhy33mi55,ɑ55ɳe33,ʨhy21bi33,zɿ13,ʦhɪ21,---,ʔɤ55dɤ33,ɑ33ɬo55,ɦɑ33,bi33ʂe13,bi33,ŋɑ33,ʈɑ13,ɖu33,ʔɯ55pu33,ŋu33ʦi55,sɿ33,sɿ33kɑ13,"(sɿ33)ʈhu33, phɑ13",mo33du33,vɪ21lu21,ʂi33,ʣɤ55,"hi55, mbɑ33",ɣe13,ny13,"ʥɤ33, tʂy33",tho33ȵi33,(nɑ33)mɪ33,xɿ33,"ŋgu33, nʥɤ13",lɪ13,(kɪ13)ndhɒ21,"mu33, hi13",lie13,tho33khɤ33,thɪ33,nɑ33ȵi13,ɣo33ʥu33,ʣu33,ndo13,tho33ʑi13,tho33hi13,ʣe33,di13,gu55,pɿ55,"ʈo13, ɖo21",(bie21)dɑ33,bi55,ɳe55,ke33tu33,ʂo13,ʨhy33,khɪ33,"no33, no33ŋgɑ13",dɤ55,pho13,ʨe33,ndu13,"ɬe33, xu33",ŋgɤ13,mbɪ33,se33,ʣɪ33,zɪ33,zɤ13,vɪ13,ʈɤ55,ɣɑ13,tʂi33,tʂhe33,ʨu13,ti13,khɤ55,sɯ33,phu13,pi55,tɑ33,"lɿ33, ʑe33",se13,ndu33,mu13,sy13,ʈhɤ55,hu13,ʦhi33,ʑy13,ɬi13,ko13,"ʨy55, sy55",nu33,ʑi21pie55,kɤ55,"lɤ13, ɬi33",(dʐi33)ɬo33,sɤ13,hu33,ndɤ33,be33,go21,khu13,ve13,ɣu55,"ŋu33, tʂhi33",(su21)bi21,ɣo21,(ʥe21)dʐo33,ȵe13,kɤ13,ʂu55,(ȵi21nʥi21)die33,(mi33hi13)hi13,"(mi33)ho13, (ɣu33)ɖo21",ve33,vɪ33,di13,be13,"(hi21)de33, ɖɑ33",tʂɤ13,ɖe13,ʦɪ33,ʥi13,hɑ33,no13,ŋe13,phi13,ʨe55,tʂɑ13,ɕi13gɤ21,mu55,nʣo13,ʥe33,ʑy13,sɤ55,se55,ɣe33,bɑ55,ʂe21,ȵɤ33,ʨhy13,ʦhe13,thu13,bu33,(die21)vu33,(die21)ŋe33,ɳu33,nɑ13,die13,ŋge21,ʥe13,lo13,li33,nu33,khɑ33,fe21,(ʑi21)tɑ33,ʦhu13,xɿ13,ɬy13,nɑ33,ʈhu13,nɤ21,ʂe13,(mi33)tʂhi13,(mi33)ʦho13,tʂi13,tʂhy13,"khu33, (ʦhu33)tʂy13",sɪ13,mbie33,ŋɪ13,lie13,ɖe21,ʑu33,(ndʐi21)di13,ɣu33ɖɤ21,nɖɑ13,ʂu33,ʥu55,thɑ33,ŋu21,nɑ21,thi21,thɑ21,ȵi55,se21,ɬi33,ŋu33,ʨhe13,ɕi55,hi21,ʨy33,ʦhɤ21,(thɑ21)ho21,ʣe21,"(thɑ21)ʑe21, lie33"
Niesu,"ni21, nie33su33",mu33vo55,mu44dɯ33,ȵie33ǳɿ33,ɬo21bo21,mu33tʂɿ33,si55,mu33ku33,mu33ɬi55,mu44lɿ33,mu33ti33,mu33ɬɿ33,ma33ha33,vo33,"ʐɿ33, e21tʂhɿ55",bo33,va55ʦɿ33,mu21to55,mu33ku33,ʂɿ33,thu33,dʐɿ33,xo33,lɔ21ma55,kho55; khɔ33,ɬɯ21,(mu33)ȵi21,vo33ʦho33,su44ʐɿ33,"ho21, do21",o33ko33,ɣɯ33,ʔi55mi55,ʐɿ33ɬa33,sɿ33si33,ni21ʦhɿ33; ni21ʦhv33,(ʦho33)mo33,bu55ʦhɿ33; ȵi44ʦhɿ33,ko21po33,o33ʨhi33,"ɔ33ȵe33, ȵe33",ȵie33sɿ21,na21bi55,na21po33,"ŋui21pu21, kha21phi55, khɯ33",dʐv33(ma33),ɬa33ni33,li55,vi21mo21,ʥo55ʦɿ33,tʂɿ33ʂɿ21,ɣɯ21du33,ndʐɿ44xɯ33; ndʐɿ44kɔ33,sv33,"hi55, fi55",ȵie33mo21,"si21, sui21",ʦhv21(mo21),tʂɿ33,v33,"phu21ʂu33, mu21ʂu33","khɯ33, khui33",gu33ʑi33,ku21,nʥi33,tʂhɿ33,zɿ33,"a44ta33, a21bo33",a44mo33,o33ȵi33,zɯ33,a21m33,zɯ33ndu33,dʐɯ33mo21,"(ʣa33)lɿ21, ʂv21",ʣa33,"tʂhɯ33, tʂhɯ44sv33",ŋgɯ33,zu21,ʂa33,nɔ33ma33,mu33,(vi55)ʦhɿ33,ʦhɯ33,ndʐɿ33,xɯ33,"ga33, ga33mo21",ʣi33; ʣui33,hi33,(i55)go33,"i21kho33, ŋgui21ɬi33",ɬa55,ʑi55,ɕi33,"lɯ33, ȵi33","mu33, mu21pa55",ʑo33,"tʂhɿ55, a44le33",ʑie33,du33,(ʑie33)ʨhi21,vi55,ʦhɿ33,ɕi33,a44ȵe33,a33ȵo55,"la55, la55mo21",zɿ55,"tʂhɿ33, tʂhɿ21ni33","lɯ33, lɯ21pu33",a44du33,---,---,---,"bu33, bu21di33",ȵie33ʦɿ33,ʨi55,ʥi33,ɔ55pa33,"hɯ33, ŋɯ33","sɿ33bo33, zi33bo33","ȵʥi21, ȵʥi21po21",(sɿ33)ʨhi33,ma33,"ve33, ve44ve33","ʐɿ33, ʐɿ33bo33, bu55",tʂhv33,"hi21, bu33dʐɿ55",ʐɿ33,"ŋv33, (ʑi33)ŋv44",ʦɿ55,ȵi33,mv33,ʂɿ33,"ŋgɯ33, nʣɿ55, ʨho55, ɕi55",li55,"ȵi21, ndo33",mo33,la33,ɕi33,ʨhie33,hɯ21; ŋɯ21,"na33, ɣɯ21gɯ33",ʣɯ33,ndo33,"i55, i55ȵi33ku33","tɯ21(ko33hi55), hi55",ʣɿ33,ndi55,"ga55, ka55","ba33, pɿ21","ʨa33, ʥa33",die33,bɿ21,hi44ndo33,ŋgɔ33,ʂɯ21,khu33,lɿ21,"ŋgo55, no21",di21,mbo55,kɔ33,"ndv21, ti21",si55,ŋgv55,mbie33,"ʨi55, su33","khe33, ʣi55",zɿ33; ȵie55,zv55,vi55,tʂɿ55,"dʐo55, ʑi55",tʂɿ33,ʨhɔ33,ʨi33,ti21,"thi21; khi55, khui55",sv33,phv21,ʥi55,tie33,lɿ33,ɕi21,ndu33,mu33,su33,(dʐɯ33)ɬo55,ho21,ʦhɿ33,ʐu33,ɬi55,ko33,sv55,nɯ33,pɔ33,ʦɿ55,lɿ55,"(dʐɿ44)pa33, ɬo33",si33,ho33,ndu33,ʑɔ33,gɯ21,ku33,"zɿ33, vzɿ33",v21,"hɯ33, ŋɯ33",bu21,"bo21, ʥo33",ʥo33,ŋv33,kv55,ȵo55,(ǳɿ44)dɔ33,phɔ33,ʥi21,bu33,vie33,ndi55,ʦhi33,ʥie33,ʨie33,"vo33, ʥi33",---,---,---,na33,(o33)ŋui21,"ɣo21, phɔ33",ku21,ʨo55,sɿ33,ma55,"zo33, nʣo33","bɔ33, ŋgɔ33",vu21,su21,sɿ21,a44ʐv33,ʔie55ʦɿ33,a44ʂo33,i44ʂo33,a44fu33,"i44fu33, i44ʦhi33",a44tu33,"i44tu33, i44bo33",ga33ʂo44,ga44ȵi33,a44ȵo33,a33ni55,i33ni55,"dʐo21, ʦe33, tu44ȵie33",(lie21)go55,"lo44so33, i44lɿ33",a44lɿ33,i44no33,a44kɔ33,a33v33,a44ʣi33,ʦhv33,a33ʂɿ55,"a44li33, a44bi33",a44nie33,a33thu33,a33ni33,a33ʂɿ33,"ʥia33ŋgo21, ŋgo33",ʦha33,ʨi33,tʂhv33,"khɯ33, tʂhv33",sɿ55,mbɔ33,ŋui55,lo55,ʥi21,ʑi33,ʑi55,v33,hɔ33,su33ʂa33,"su33ga55, bo21",thie33,ŋa33,nɯ33,ʦhɿ33,ʦhɿ21,ȵi21,sɔ33,lɿ33,ŋɯ33,xo55,ʂɿ21,hi55,gu33,ʦhi33,ha33,"ʣi33, ʣui33","ma33, ʑo55"
Nishu,ȵe33ʂu55,mu33,mi55,ȵe21ʥi21mo21,xo21bo21mo21,tʂer55mo21,---,mu33tu21,mu33ɬə21,mi55lu33,a55mu55,mie33xie33,a55xo33,ɣo33,ʑi21ʑe21,bə21,fie21,mer33tu21,a55khɯ33,ʂer55,thu21,ʣɿ33,ɕe21,lu33bə21,khu21,xo21,ȵi21,tʂha21,tʂher21ɣer33mo21,da21mia21,ŋu33ka55,ɣo33,zɪ21mie21,xo21mo21,ʂer21,ȵe21,(tʂha21)ma55,no55ʦhɿ33,gɯ21mu21,ŋu33kə33,ŋu33ʨhe21,ȵe33du33,no55ko21,lo55pa55pie21,ȵe21phi33,dʐer21,ɬo55phie21,lie21,a21pie55po33,dʐu21ɣɯ33,gə21,ɣɯ33,ʣɿ55(phie21),ʂɿ33,xıe21,ȵi33mo21,ʂer21,tʂhɿ21(mo21),ʦɿ55,vu21,mer33,ʂo21mie21,dʐu33,tʂɛ21ʑi21,der21ʑi33,thi33,sɿ55,a55tie33,a55mo21,a55ɣɯ55(ɣer33),ʐo33,mie55,ʐo33du21,ʣɿ33,ʂɿ21,dʐo21,ʨhe21ʂer33,go33ʂer33,ʐo21,ʂo55,nu33ʂer33,mu55lu55,tʂher21,tʂho33,dʐɿ21,xo33,dʐo21mo21,dʐə21gə21,xie21,ʥe33mo21,lo21go21,ɬo21,ɣə21,tʂher21po21,ȵi33,mo33,xa21,a55ʦhɿ21,ʑe33,do21lie21,(ʑe33)fu21,vie21,ʦhɿ33,ɕe21,a55ne33,a55nu21,lo21,zɿ21mo21,tʂhɿ21nə55,lo33,a55də33,tha55ɬo21,"mie21də33, xie33",ʂer55mo21,bu33,xie33,tie21mo21,xie21dʐa21do33,a55po33nu55,ŋo33ʐo33,sɿ33,sɿ33pɛ21,(sɿ33)phie21,ɣo21dʐer21,vi33lu21,ʂɿ33bie21nu55,a55dʐə21,ɣɯ33,ɣer21,ŋɯ55,"kɛ33, ku21, dʐo33",ȵi21,mi33,fu33,"go33, tʂhə21",lɛ21,da21,"mu33, ɬi55",lie21,tʂhə21,"thie55, pi33",ȵi55,bo21dʐo33,dʐo33,da21,zɿ21,xə21,dʐe33,də21,vi21,ba55,"tie33, tu21",die33,bi21,phi21ɣo21,ker33to21,ʂo21,khɯ33,pher21,tie21,ti55,pha21nə33,tʂu33,"ti21, der33",sɿ21,tʂhə33,bɛ33,ʂer33,ʣɿ33,ȵi21,ʐɿ21,vɛ21,thie21,ʑe21,ʦɿ33,tʂhe21,tʂo55,ti21,khə21,ʂɿ33,kha21,der33pi21,tie33,"phə33, li33",ʂer21,kɛ21,mu21,ʂer21,"ɬu21, thə21",xa21,ʦhɿ33,ʐɿ55,ɬə21,ka55,fu33,no33to33,zɿ21pu33tʂa55,ʨhe33,ɬə33,po55,ʂə55,"her33, tie55",pha21,ɣer33,(ler55)go21,ʔer55,ver21,ɣo21,tʂhɿ33,tʂha33,dʐa21,ʔũ55,"ŋə21, ŋa21",kə21,sɿ33,du33,ɬi55,"xie55, lie21; do21",bu21,vi33,də21,"ber21, ʨhe21","xo33, bə33",ʦɿ33,die21,"tʂhə21, tie21",ʣɿ55,xie33,no21,xue33,phə21,tʂɛ21,ʥe21; tʂo55,ʂɿ21,mo21,ʂa55,ɕe21,ɣɯ21,ʂə21,"ka21, ʂɛ21",ɣer33,ner55,ʂer55,nə33,ɣer33,tʂher55,thu21,bo33,vie33,ner33,"no33, phə33",ȵe21,ma21ȵe21,du21,gu21,la21,li33,nu33,ʨhe33,fɛ21,nɛ33,"tʂhu55, phə55",si21,ɬu55,ȵe33,thu21,nə55,ʂer55,ʥe33,ʦhɿ33,ɕe55,tʂhɿ55,kha33,sɿ21,bu33,ȵi21,lu21,der21,"ʐo33, kɛ21",ɕe33,vu33,"di33, ʑe21",ʂo33,ba21,pie21,ŋu21,na21,kə55,thi21,ȵi21,sa55,ɬi55,ŋo33,tʂhu21,ʂɿ21,xie21,kə55,ʦhə21,xo21,dʐə55,lə33
Nisu,nie33su55,mu33,mi55,ne21ʥe21mo21,xo21bo21mo21,ʦe55mo21,---,mu33tu21,mu33ȵe33ʨhi33,mi55lu33,tɛ55,mɛ33ɬi33,a33xo55,ɣo33,ʑi21ʥie21,bɤ21,fe21,mɛ33tu21,mɛ33khɯ33,sɛ55,thu21,ʣi33,ɕie21,lu33bɤ21,khu21,xo21,ȵi21,ʦha21,ʦha21ɣɛ33mo21,mie21ɣa21,ʔũ33ka55,ɣo33,ʑi21me21,xo21mo21,sɛ21,ʦha21xo21,---,no21ʨhi33,gɯ21,ʔu33,ʔu33ʨhe21,ne33,no55ko21,lo55pa55,ne21,ʥɛ21,ɬo55phe21,lie21,ɣo21pe55,ǳu21ʨi33,gɤ21,ɣɯ33,ʥi55,ʂɿ33,xe21,nie33,sɛ21,tʂhɿ21mo21pɤ21,ʨi55,vu21,mɛ33,so21me21,ǳu33,ʦɛ21ʑi21,ɬa55ʑi55,thi33,ɕi55,a55ba33,a55mo21,a33ɣɯ55,zo33,a21mɛ33,ʐo33du21,ʥi33ʐo33,ʂɿ21; ʂɿ21mo21,ʣo21,ʨhe21sɛ33,go33sɛ33,zo21,so55,nu33,mu55,ʨhɛ21,ʦho33,dʐɿ21,xo33,ǳo21mo21,gɤ21 ǳɤ21,xie21,ʥi33mo21,go21mo21,ɬo21,ɣɤ21,ʨhɛ33,ȵi33,mo33,xa21,ʨhi21,ʑe33,do21lie21,fu21,ve21,ʨhi33,ɕe21,mi55nɛ33,a55nu21,lo21mo21,ʑi21,ʨhi21nɤ55,fɛ21lo33,a55dɤ33,tha55ɬo21mo21,"me21dɤ33, xe33",sɛ55,bu33,xe33,te21nɤ55ba33mo21,do33xa55zo33,a55po33,ŋo33zo33,ɕi33; ɕi33ʣɛ21,ɕi33pɛ21,(ɕi33)phie21,ɣo21,vi33,ʂɿ33,ǳɤ21,"ɣɯ33, phe33",ɣɛ21,ŋɤ55,kɛ33,ʔũ55,mi33; ʨhi33,---,go33; ʦhɤ21,lɛ21,da21; da21tie33,mu33,lie21,ʦhɤ21,thɛ33,ȵi55,bɤ21ǳo33,dʐo33,da21,ʑi21,xɤ21,ʣɛ33,"dɤ21, tɤ21","vi21, fi21","bu21, pa55","tie33; du21, tu21",mɛ33; die33,bi21,"nɛ33xo21, fɤ55lu33",kɛ33,so21ko21,khɯ33,phɛ21,tie21,ti55,"pha21nɤ33, pi21nɤ33",tʂu33,dɛ33,ɕi21,ʦhɤ33,bɛ33,sɛ33,---,nie33,---,vɛ21,thi21,ʑe21,ʨi33,ʦhɛ21,ʨie55,tie21,khɤ21,ʂɿ33,kha21,pi21,tie33,li33,sɛ21,du33; kɛ21,mu21,sɛ21,"ɬu21, thɤ21",xa21,ʨhi33,ʐɿ55,ʨhie21ɬɤ21,ka55,fu33,no33to33,ʑi21pu33,ʨhie33,ɬɤ33,po55,"sɤ55, sɤ55ȵi55","xɯ21, xɛ21, tie55",die33,mo55,(lɛ55)go21,ɣɤ55,vɛ21,---,---,ʦha33,ǳa21,ǳa21,ŋɤ21,kɯ21,ɕi33,du33,(mu33)xe33,xo55xo21; do21,bu21,vi33,dɤ21,bɛ21,bɤ33,ʨi33,de21,tie21,---,xie33,no21,yɛ55,phɤ21,ʦɛ21no21,ʥe21; tʂho55,ʂɿ21,mo21,sa55,ɕie21,ɣɯ21,sɤ21,sɛ21,ɣɛ33,---,sɛ55,nɤ33,ɣɛ33,---,thu21,bo33,vɤ33,nɛ33,phɤ33,nie21,di55,tu21,gu21,la21,li33,nu33,ʦha33,fɛ21,nɛ33,ʦhu55,ɕi21,ɬɤ55,ȵe33,thu21,nɤ55,sɛ55,ʥie33,mie33,ʨie55,tʂhɿ55,"kɛ33, kha33",ɕi21,bu33,nie21,lu21,mɤ21,zo33,ɕie33,vu33,"di33, ʑi33",so33,ba21,thie21,ŋo21,na21,kɤ55,thie21,ʑi21,sa55,ɬi55,ŋo33,tʂhu21,ʂɿ21,xie21,kɯ55,ʦhɤ21,xo21,ʣɤ21,lɤ33
Nuosu,"ni21, nɔ33su33",mu33vu55,mu44dɯ33,ho33bu33,ɬo21bo21,mu33ʨɿ33,so55,mu33ku33,mu33ɬi55,mu44lɿ33,mu33ti33,mu33ɬɿ33,ma33ha33,vo33,"ʑɿ33, e21tʂhɿ55",bo33,va55ʦɿ33,mu21tu55,mu33ku33,ʂɿ33,ʨhu33,ʥɿ33,ʂɯ33,lu33ma55,khu55; khu33,ɬɯ21,(mu33)ȵi21,vo33ʦho33,su44ʑɿ33,"ho21, do21",o33ko33,ɣɯ33,ʔe55mɔ21,ʑɿ33ɬa33,sɿ33si33,ni21ʦhɿ33,(ʦho33)mo33,bu55ʦhɿ33,ko21po33,o33ʨhi33,"ɔ33ȵe33, ȵe33","ȵɔ33ʣɿ21, ȵɔ33sɿ21",na21bi55,na21po33,"mi21pu21, kha21phi55, khɯ33",dʐɿ33(ma33),ha33ne33,lo55,i21mo21,"du55sɿ21, ʥu55sɿ21",ʨɿ33ɕɿ33,vu21du33,nʥɿ44ʂɯ33,sɿ33,hi55,"he33mo21, he33ma55",si21,ʦhɿ21(mo21),ʨɿ33,v33,"phu21ʂu33, mu21ʂu33",pho33,gu33ʑi33,ku21,nʥi33,ʨhɿ33,zɿ33,"a44ta33, a21bo33",a44mo33,o33ȵi33,zɯ33,a21mɿ33,zɯ33ndu33,dʐɯ33mo21,"(ʣa33)lɿ21, ʂɿ21",ʣa33,tʂhɯ33,ŋgɯ33,zu21,ʂa33,nu33ma33,mu33,(vo55)ʦhɿ33,ʦhɯ33,ndʐɿ33,ʂɯ33,"ga33, ga21mo21",ʣi33,ʑi33,(i55)go33,"i21kho33, ŋgɯ21ɬi33",ɬa55,ʑi55,ɕi33,"lɯ33, ȵi33","mu33, mu21pa55",ʑo33,"tʂhɿ55, a44le33",va33,du33,(va33)ʨhi21,vo55,khɯ33,ʂɯ33,a44ȵe33,a33ȵu55,"la55, la55mo21",zɿ55,"ʨhɿ33, ʨhɿ21ni33","lɯ33, lɯ21pu33",a44ʥu33,a21ɬɯ21;thɯ21ɬɯ21,"a44he33, a44fie33",bu33ʂv33,"bu33, bu21di33",he33ʦɿ33,ʨo55,ʥi33,ɔ55pa33,hɯ33,sɿ33bo33,"ȵʥi21, ȵʥi21pa33",(sɿ33)ʨhi33,ma33,"ve33, ve44ve33","ʐɿ33, ʐɿ33bo33, bu55",tʂhu33,"hi21, bu33dʐɿ55",ʑɿ33,"ŋo33, (ʑi33)ŋo44",ʦɿ55,ȵi33,mɿ33,ɕɿ33,"ŋgɯ33, nʣɿ55, ʨho55, ɕi55",ʑo55，li55,"ȵi21, ndo33",mo33,la33,ɕi33,ʨhe33,hɯ21,"na33, ɣɯ21gɯ33",ʣɯ33,ndo33,"i55, i55ȵi33ku33","tɯ21(ko33hi55), hi55",ʣɿ33,ndi55,"ga55, ka55","ba33, pɿ21","ʨa33, ʥa33",dɔ33,bɿ21,ɬi44ndo33,ŋgu33,ʂɯ21,khu33,lɿ21,"ŋgo55, no21",di21,mbo55,ku33,"ndu21, ti21",si55,ŋgu55,mbe33,"ʨi55, su33","khe33, ʣi55",zɿ33; ȵe55,zɿ55,vi55,ʨɿ55,"dʐo55, ʑi55",tʂɿ33,"ʨhu33, thu33",ʨi33,ti21,"thi21, khi55",sɿ33,pho21,go55,tɔ33,lɿ33,si21,ndu33,mu33,su33,(dʐɯ33)ɬu55,ho21,ʦhɿ33,ʑɿ33,ɬi55,ko33,sɿ55,nɯ33,pu33,kɯ55,lɿ55,"(ʥɿ44)pa33, ɬo33",si33,ho33,nʥu33,ʑu33,gɯ21,ku33,vɿ33,vu21,hɯ33,bu21,"bo21, ʥo33",ʥo33,ŋɯ33,kɯ55,ȵo55,(bu44)du33,phu33,ʥi21,bu33,ve33,ndi55,ʦhi33,ʥe33,ʨe33,"vo33, ʥi33",ʦhɿ55,dʐɿ33,nǳɿ33,na33,(o33)mo21,"ɣo21, phɔ33",ku21,ʨo55,sɿ33,ma55,zo33,"bu33, ŋgɔ33",vu21,su21,sɿ21,a44ʑɿ33,ʔe55ʦɿ33,a44ʂo33,i44ʂo33,a44fu33,"i44fu33, i44ʦhi33",a44tu33,"i44tu33, i44bo33",ga33ʂo33,ga44ȵi33,a44ȵi33,a33nu55,i33nu55,"dʐo21, ʦe33, tu44ȵe33",(la21)gu55,"ʑo44so33, i44lɿ33",a44lɿ33,i44nu33,a44kɔ33,a33vu33,a44ʣi33,ʦhu33,a33ʂɿ55,"a44li33, a44bi33",a44nɔ33,a33ʨhu33,a33ni33,a33ʂɿ33,"ga33ŋgo21, ŋgo33",ʦha33,ʨi33,ʨhɿ33,"khɯ33, ʨhɿ33",sɿ55,mbu33,mi55,lu55,ʥi21,ʑi33,ʑi55,vu33,hɔ33,su33ʂa33,"su33ga55, bo21",thɔ33,ŋa33,nɯ33,ʦhɿ33,ʦhɿ21,ȵi21,sɔ33,lɿ33,ŋɯ33,fu55,ʂɿ21,hi55,gu33,ʦhi33,ha33,ʣi33,"ma33, ʑo55"
Nusu,nu33su33,mɯ55,lia33,ȵi33,la31,kɹɯ31lɔ33,sa53,mɯ55gɹɯ55,la53,---,tʂho53mɔ33,mɯ55li33,mɯ55ɣɹua33,va55,ɣɹi33gɹa53,"lɔ33, ŋu33",---,mi55,mi55khɯ55,ʨi31a31,ŋui33,gɹi55,ʂa33,lu53,khɹu53,"la31, ɬi55",ȵi31,"su33, ʦhɔ33",a31mɯ55za55,tu31dʐa53,miɚ55,sa53,ma53,ia31lia33,---,ʑui33,ʂi33ʦhoŋ33,nɛ33ʦhi31,tʂhɿ33gɯ31,u31phu55,ʦha33,mɹa53dʐi31,na55kɔ33,na55sɚ33,na55khoŋ33,sua55,fia33,la53,va31lɔ53,ʥu53,khɹi33,ɣɹɯ55,khu53ɣɹi33,sui55,---,ȵi53lɔ53,ʦɚ55,ʦhuɚ33,kɹe33,u33,mɯ55pɹɚ53,ʦhɔ31vɹɚ53,gɹɯ55,xɹi55,bɹɚ33,khɹi55,ʐi55,"a55ba31, ja33pha31",a55m31,a55phɯ33,za55,mi31za55,vɹi55a31,ŋue33,viɯ55,ʦhe55kha33,me33me31,"ɣa55ʨhɯ55, ɣa55",zɚ33,sa33,nu53,mɯ33,ʦhu55,ʦha55,ʐi33,ʂa55,khɹa33phɹoŋ33,gu55ʣa33,iɔ33,gui55,khɔ55,la55,ɣa53,"ɣa53mi33, ʦe33xɯ31",nuɔ55,mɹə55,iɔ33,tʂhɚ53,ɣɹa53,bia33doŋ33,u31,va53,khui55,ʂɚ55,mɯ33ȵe31,miu53,la55,la55,ʨhi33,ɣɹa55,lio31kui55,tha33la31,ɣɹua53,vɹi33,a55ʂi31,ŋa53,ʣuɔ33,bia55,"khɹa31ʦhɔ33, pɔ55",ŋa55,si53ʣɚ33,gɹɯ55,pha53la55,"ma33, va55",si53vɹɚ53,mɹa53,tʂu3,tu31dʐa53,ɣɹe33,ŋɯ33,ʂuɔ31,ȵi33,---,suɚ53,ua55,lia53,miə33,mɔ53,la33,---,thɯ53,ɣɹu31,na33,ʣa55,ʂu53,iɔ53,ta31,ʣɯ31,"tʂhŏŋ55, ko53",uɔ53,ba33,ʣɚ31,ʥi55,bi31,phiu53,sɯ53,xɹa33,khɯ55,luɚ53,ʨɔ33tʂɯ53,tu53,sɯ33,kɹu53,bɹɚ31,sɚ53,khɹa53tʂhue55,be53,sui55,lɚ33,zi53,ʣue33,ve53,phɹɔ55,phɹɔ55,"mɹe33, ʦɚ53",ɣʵu53,ɕɚ31,thoŋ55,khu55,ʂɔ55,phɔ31,pi55,gɯ55,lɔ55,ʂui55,khua53,"m33, lɔ53",ɕui33,lu53,---,tʂhi55,ʑɯ33,la53,lɔ31,khɯ55,ɕa33,phu53,kɹa53,khɹi53,"ʑa53, le55",do31,ʦa55,dua55,"ʑɚ31, iu53",kuɔ31,khɯ31,ue33,ŋu55,ʨi55; ʑa53,bɯ31,khui31,ȵi33,ŋuɔ53,"kuɚ53, su53","ȵɚ55, lia53","thua53, ʦhɚ55",li33,ɣɹua33,zue33,vɹɚ33,da53,gɹa31,bia53,---,bia33,pɹɚ53,gɹi33,ʦu33,na33,---,"ɣa55, lu33",ʨhe55,ʨa53,ʂi33,ʂɚ53,zɔ33,pio53,xɹɯ31,du33,su53,ɣɹi55,ʣi33,xɹɯ33,"du31, dʐoŋ55",ɣɹi55,ʣi33,thu33,ba55,ue55,ȵi55,mia55,"khɹoŋ33, mɹɚ33","ba55, a33ba53",dɚ55,"gɹuɚ53, goŋ53",xua33,li55,na53,ŋɚ55,phɯi33,ɣɹuɚ53,ʦhu33,dʐɔ55,ʦhɯ55,na53,ba31,ȵe33,xɹi55,gɹa53,ʦhɯ33,ʨɚ33,ʨhɯ33,kha55,ʂɔ53,gɹa55,mɔ53,kua55,"bɹɚ31, bɹɚ31",ia55,iɚ53,xɹɔ53,ʨhɚ53,ʐa55,ɣɹa31,thu55,ŋa33,ȵu55,ȵu55,thi53,m55,sɔ33,vɹi33,ŋa55,khɹu53,nɚ55,ɕɚ53,gɯ33,ʦhe33,ɕa33,ʣa33,iu53
Polo,pho55lo55,mɤ13,mɛ33,ʥi33mo21,la21bo21,ʨi33mo33,---,mɤ13thɤ33,mi13le33mia55,ŋɒ21,phi33,mɤ13nɛ33,mɤ13ŋo33,vɤ13phi33,ʑe33,la21,vɤ13,mu13tu55,mi13tu33(so33),ɕi33,phi33,tho21,xu33,lu55mu55,khu55,la21bo21,nɛ21,bi21,nɑ21ȵu13nɒ21,ɖɒ13,so13,ɣo13te33,zɛ55mu55,ʑi55,---,nɛ55,bi21ɣɤ13,nu21ʦhɛ13,ga21mɒ33,ʔi33ku33,ʔi33ʦhu33,mu55dɤ33,nu55ku55,nɒ33pɒ33,ni13tu55,ʥi33mo21,lo33be33,lo55,ɣo55bɛ21,ʣu55,ʨho55,ɣɤ13,"ʥe33khɒ55, nʥe33",sɛ33,he13,ni13mo33,sa33,ʦhɛ21,ʨe33,vu33,a33mi33,ʦhɿ13,"ʥi13pi55, ʥi13pi55",ʨi33ʑe21,bia33,---,ze13,a33ba33,a33me21,ɣɤ33mɒ13,zo13,la21mi13,ndɤ33zo13,ʐi22mo22,a33sɤ33,ʣo22,ʦhe33,go13ɕi33,zu21,xo33,a33nu55,mɤ33gu55,(ɭa33ʣe13)ʨhi33,ʦho13,ʣɛ33,xo33,ʥu33,ʣu33,ȵa33,na21,"xɛ22go33, a33go33",ɭo13,ʥu55,ʨha33,ni13(ndɤ33),mu13,zɒ33,ʦhɛ55ɛ13,ɣo55,du55lu55,(ɣo55)lɤ55,vo55,ʨhe13,ɕe33,mi55,a33mi55,no13mo21,la33mo21,---,ɭo21,---,ta33lo55,"ga21bu13, ŋo13",ɕi33mɔ21,pe55,ŋo13,to13mo21,biu13(zo13),a33po33,a33ŋo13,ɕi13,ɕi13phu21,(ɕi13)pia13,mo33,ve55,ɕe33ne55,nʣɿ13,thu33,ʑi33,ŋɤ33,"bɤ33,ʣɛ55",ʦha13,mi13,mi55,"go13, ʥɒ13",la33,lɤ33,"mi55, si33",lɛ21,ʨe33,ʦɛ13,bi21ni33,ŋo33no33ʥu13,ʣo13,ndo33,na21,hu13,ʥi13,du55,ɕi33,bɤ21,"tu33, bo55",do55,bɛ13,bia13,ku55to55,ʦo55,khɤ13,hɤ55,ʦɒ33,dɒ33,ʔə33,ʨu13,ndɤ21,(bi21)se13,nʣu55,mba55,ɕi33,nʣe55,ʑi55,nɤ33,va55,ɕi55,ɣɤ55,kɒ13,ʨhi13,ʨe33,te33,ŋɤ13,ɕi13,khɒ21,ta13,to13,"li55, ku55",sa55,ka13,ʦha13,ɕi33,lu13,ŋɒ55,ʦhɛ13,zɤ33,lu13,kɒ33,vɤ13,no13,zɛ55pu13,ʨhu55,ɭɛ55,(di21da13)po44,sɤ33,ni33,ndu13,ʑi13,nʥi13,"pe13, ʔɤ33",vi33,vu13,ʦhɛ13,ʣu55,tɛ33,ȵa55nɛ13,ne33,ʨe13,se13(to33),du33,mi55,(mɤ13)ŋo33,(ʑe33)po55,ve55,du55,(bia13)ʦhɛ21,"(ȵa33)da13, biu55",ʨe13,bi33,dɒ13,ʥe33,ʥe33,no33,va13,ɣɒ33,bo33,"hu21ʦhɛ13ɒ33, ʣo33sa33",ɕe33,mo33,so33,ŋgo55,ɣɤ21,ʦhu21,ɕi33,ʑi13,ȵɒ33,xa33,ȵa33,biu13,ʦha33,thɤ33,bo13,vi13,vi13,miu13,(ʑe33)no13,ma21no13,da33,ga33,la33,lɛ13,nɤ13,kho55,vi33,ʦhɛ13,ʦhɿ33,ɕe13,lɛ33,no55,phi33,ndɤ33,ɕi33,(mɤ13)nʥa33,(mɤ13)lu33,ʦe33,ʦhɤ33,kha13,sɛ13,mbu55,ni55,lu33,bia21,kha55,ni55,no33,nde33,so33,so55,pɛ13,ŋo33,nɤ33,khɤ33,ɖa21,nɛ55,su33,lɛ33,ŋo13,ʨhu55,ɕi13,xɛ55,kɤ33,ʦhɤ33,xo21,ʣu21,"(da21)ʑu55, lu33"
Rouruo,zɔ55zo33ʨhi33,mɯ33,mi33ti33,miɔ31,lɔ31,ki55,so53,mɯ33pa55,ma33ni31ʨha53,pɛ31lua55,kɛ33,mɯ33lɛ33,mɯ33vu55,ʔo33,ɣɛ33,ko53tiɯ33,"kɔ31pɔ33, kɔ31ʨya33",mi33,mi33khɯ33,ʨi31,ŋue33,ʨa33,xɔ55,la53,nɛ55,lɔ31,nɛ31,ʦu33,---,po33,ka55,ʨhi55,ɣɛ55mo31mo53,piɔ55pha55,pɛ31ʨa13,vu55,ɕiɔ55ʦhɔ33,io55fu53,kɯ33ʦe33,ʔɔ13tu33lɛ33,ʨha33mia33,miɔ53sɿ33,na35ka35,na33sɿ33,mi55ɕi31,ʨy33,lio55tɛ33,lo53,ɣo33lɛ33,mi55ʨa55,ʨhi55,xo33ka55,lo53kua55,ɕye33,ɣo33lɛ53ɕye33kã33,na35thuɛ13,se33,ʦhue55phu33,kɛ55,vu55,mi55pa33,sa31ne33,xo33ka33,kɛ55,pi33ʨhi33,ʨhi33,ɕi33ʔɛ33,ʔa55pɔ33,ʔa55mɛ33,ʔa55kɯ33,zo13ia33,pi31mi31ia33,ʨi53ia33,"ŋue33, ʨha55pɛ55",ʦo33iɯ33,ʦo33ʨhɛ53,kue33ɕye33,ʔo33,mɛ31zɔ33,zɔ33,na53,ma55,(ɔ31)mɔ31,ʦho33,i55,xo33,kho55mɔ31(ʨo55),khɔ33ʦɔ33,iɛ33,ia53pi55ʨo55,khɛ33,lio55(kɯ33),ʔa53ka55,khe33,nu33,mia33,iã55,ʨhe53,ɣo53,(ŋɔ31)tu33,(ɣo53)vu13,ʔɔ53,khyi33,xɔ33,ȵa55ni33,mia31,liu33,liu33,ʨhi55,na55ɕɔ13,---,tha33lɔ35,vu33,ŋɔ31,pa33ti33,ŋɔ55,ʦɔ55,pio33,po55kua33,ŋo33,sɛ53ʦe33,ʨhi55ka33,pho53,khɔ33ʦe33,ʔua53,piɔ13,ʦu33,ʨɯ33to33,ɣe33,ŋɯ33,i13,ȵi33,"ʨhɛ33, mɛ33",---,ŋa53,lio53,ȵa55,me53,lɛ31,te55zɔ33,ʨo55,ȵi55,no55,ʦo33,fu53,ȵa53me33,lia53tɔ13,ʨi33,ʔua53,ʔua53tɔ13,luɛ33,khɯ55,lia53,---,phia53,kɛ55tɔ13,ʔo55xɯ33,khɯ33,la33ʨa55,ʔɔ53ie33,tɔ33,"ta55i31, sa55",ka53,ʦu31,sa53,kha53,(lɛ33)pe53,ɕye33,"ʨhɯ33, ʦɔ53",zɛ53,zua53,ue31,piɛ55,ʦe53,ʨa33,ɣa53,lo33,ʨho55tho55,khu55thu53,yɛ53,phɔ13,ʨɔ53,kɯ33,lue55tɔ13,xe33,ne55,mo33,ɕyi55,"la33, pa33",pa55,ʨhi33,iɯ55,la33,ka13,sã33,ɕɔ31,(ie53io33)fɛ33,kɔ55,khua53,ɕo53,xue55,---,la13,vu55tɔ13,kɔ13,khɯ55,ʔuɛ55,ʔũ33,"ŋɔ55, ʨi55; ʨe55",ʨha53pɛ53pa1,"bo21, ʥo33",ȵi33,ŋɛ53,kuɛ55,ta13,(ʦhɔ55)tɔ35lɛ33,(mɯ31)lɛ33,"(ʔo33)ʔua55, (mɯ33)vu55",lui55,ʔua53,ta53,kɔ31khɔ13,pio53,pi31,piɔ55,pa55,xua55,ʦa55,no33,(oʔ53tu33)mɔ55,ɣo33,---,ʨɔ55,ɕi55(zɔ31),mɔ13,za55,lɛ33,ɣa13,---,sa53,i33,ȵɛ33,ɣe55,ʨo33,ʦhu13,mu33,thu33,pu33,uɛ33,miɛ33,mi53,xɛ33,ʔa31xɛ33,tu13,uɛ33,lia55,li33,"mɛ53, zuɛ55",ʔə55,ka55,ʔuã55,ʦhu55,ʨɛ33,ʦhɯ33,nũ53,phiɔ33,ne33,ue55,ko53,lɛ55,ʨa55,ʨhɯ55,"kho33, (ʦho33)khɔ33",xɛ53,ɣo33ko33,ɣo33ma53,---,piɛ13,io33,ia53,pɛ53vu31,phiɛ53,na55khɔ13,ke55,nɛ13,ŋu55,ȵo33,tu55,tɯ31,nɛ53,sɛ33,yi33,ŋo33,kha53,ne55,ia33,kɯ33,ʦhe55,io55,"ʦɛ53, ʦɛ31","ia53, fu55; lɛ33"
S.kong,saŋ55qhoŋ55,muŋ31,mi55ʦha31,mɯ31nɯŋ55,pe31la33,"pe31kɯ55, a31kɯ55",aŋ33sa31,muŋ31ʨe31,muŋ31mbat31,mi55ʦha31ŋgɯn33,ʦaŋ31sø31,ho55mban55,mo35,ŋe55,laŋ55ʨho31,aŋ33kɤŋ31,ŋga31,mi31ʦa31,mi31qhø31,sɿ55,phu55,toŋ31,sam55,ho33mba33,a55qho31,pe31la33,nɯŋ33,ʦhaŋ55ŋa31,---,qaŋ31mbu55,---,"qa31, qa31qha33",ʑu31mba33,aŋ33ha55,nde31a31,nde31a31,---,ʦhi31,aŋ33mbaŋ55,aŋ33tu31,aŋ33ʦham55,"mi33si31, mja33si31",na55qhaŋ55,aŋ33na31,maŋ31thoŋ31,aŋ33so31,qa31qa55,aŋ33la31,u31poŋ33,aŋ33ʨo31,aŋ33khɯ55,aŋ33ʑø31,aŋ33hu31,si31,ʑaŋ31u31poŋ33,nɯŋ33mba33,aŋ33phap31,aŋ33phje31,"pja31khɯ55, phe31khɯ55",aŋ33u55,toŋ31mi31,toŋ31si31la31,aŋ33ku31,ku31ʨho31,aŋ33pɯŋ55,ʑaŋ31,"i31si55, a31si55",aŋ33pu33,a31mba33,aŋ33ʨhe55,aŋ33ŋga31,ŋga31mbi31ŋga31,aŋ33ʨe31,ŋgɯn31mbai35,aŋ33ʑø31,haŋ31,"qo33, qo33ʦhan55",---,---,qhau31mɯ31,noŋ33pe33,muŋ55,aŋ33ʦhi55,a31tɤ31,te31qha55,ʦha31ʦhoŋ55,ka55mba33,ka55ʦam33,ʑim55,ten33,qo33phi31,ʦa31ŋga31,ku31kap31,khɯŋ55,qha31po31pan31na33,a31mboŋ31,ʦhɿ31me33,ʦhɿ31me33,xa33,aŋ33toŋ55,aŋ33u33,wa31,khɯ31,san55,a55mi55,mjo31,"ʦha31la31, qha31la31",ʦha31la31la31ŋga31,ʨhi55a31,---,sɤ55phai31,ha33qhø31phu55lu55,ha33qhø31,ɯ55laŋ55,mi31ʦuŋ31,ha33ŋga31,ʦan55mba33,pja31,pha31ŋga31,ten55ne55,"si33ʦɯŋ55, sɿ33ʦɯŋ55",aŋ33ʨhe55,aŋ33pha31,ha31,"aŋ33ʑø33, ʑø33lø33","mbo31qa31, mo31qa31","aŋ33ʦhu31, ʦhaŋ31",ʨa33,ɯ55,uŋ55,he31,nɯŋ55,"mi33, mit55",---,qo31,mbja31,"mbø31le31, mbø31",mi33,"ʑi55, la55","qhop33, ŋgo31",qhoŋ33,hu31,na55,ʦa31,taŋ55,ʑi35,ʑap31,ta33,qho33,"tem33, qa31","ʦho33, ɤ33; ʦho31, tham33",phi33,ta33,pi31,qa33ʦe55,qo33,soŋ31tem55,qhø31,lu33,hop33,tan31,"phøm33, ʑø31",qhe33,ti31,se31,ʦhap33,pɤ33,si31,tɤ33,ɯ33ta33,"tɤŋ33, u31","le31, lan33, sɤ31",phe31,ʦɤ33,kɯn31,ʨho33,kan33,---,khu31,ʑa33,phoŋ33,phi31,pa31,ʑo33,ʦhɯŋ55,tu31,he33,toŋ31ŋgɯn33qan33,po33,hoŋ33,"ʦap33, ʦhi31",ʑø55,hap31,hem55,---,qa31na31,pho33,"kha33, khak33",he33,pha55,ʦhe55,hɤŋ33,phja31,xɯ31,qa33ne55,hø55,ŋgu55,qoŋ31,ʨhi31,ʦi55ʦo33pa31,ʨa33,ʨaŋ55,"ŋgɤ55, ɤ55",ʨaŋ31,---,to33ʑi33,pjaŋ33,"mo35ʑi33, ŋe55qa33","pjam31, pu55",ʑø33,si31,qa33,phja33,sɤ33e55,pjam55,tan31,pha31la55,ʦhu55,nda55,mɯŋ55,phu31,---,"tɤŋ33, thoŋ55",si55,ma31,ʦo33,po31,kɤ33,---,ndo33,xɯ31,"aŋ33ŋga31ŋga31, ʑɯ55",no31,u33,qha33,nu33,thu55,pa31la3,ŋgo31,ndi31,mbja31,na31,tam55,poŋ33,qo31,"phja55, phjaŋ55",khɯŋ33,ɕo55,qha33,aŋ33kɯ33,aŋ33ʨan55,ʦhi55,aŋ33sɿ31,aŋ33ɯn55,nda33,phu55,ne55,sɿ55,ʨho31,hoŋ55,ʨhan55,ʨhø55,qha31,aŋ33khoŋ31kɯ33,po33,mbe31,lo31,pɯŋ33,ʦɿ33,ɕe31le55,mu55phe33,lem31,sa31,su55ka31,tha33,ŋa55,naŋ55,thaŋ55,ti31,ȵi31,sem55,"ɯn55, xɯn55",ŋa31,kho31,si31,ɕe31,qø31,ʦhe55,ɕa55,ku33,"ʑaŋ55, aŋ55, lem31"
Samu,sa33mu33,nɯ33,ni33pɯʵ33,mɯ33ʦhɔ33,xɔ21ta25,kɯʵ55zɔ33,sa55,mu33ɣɯ55,mu33lio55,ȵi33pɝ33le33,ʨɔ53,mɯ33lɯ33,mɯ33xɔ33,fɔ53,ʑi33,bo33,---,mu33tau55,mɯ33khɯ33,sɝ53,pʰi33,ʨi33,sɝ33,la25khɝ21,kʰɑu55,la55,ȵi55,ʦhu33,ʦhu21ɣɝ33,kʰe55,miʵ33,ɣɔ25,ʣɿ33mɔ33,ʑi25,ve25,ŋe25,sɿ21ba33,nɔ21ʦhɿ33,kɯ21thi33,ʔɯ55kɯ33,ʔɯ55ʦhɯ33,ȵɑ25,nau53khau21,nau53pu33,khe33,sɝ33,lio53,lɑ55,tu33,ʦɑu55,ʨhi22,ku21thou21,ʨi21kɑu33,sɿ53,xɯ25pɯ22,ni33mo21,kɝ53,sɑ25pɯ22,ʨɿ33,vu22,mɝ55to55,---,ʨiau33,kɝ25,pi22,ʦhɿ33,ʑi33sɿ55,a33phu44,a44mo33,a33ɣɯ33,zɔ33,zɑ21mi21,ta21vu21zɔ33,ʨhɝ55,sɿ21zɔ33,ʣɔ21,ʨʰi22,"kɔ33, gɔ33",sɔ55ɝ33,sɔ55zɔ33,nɑu25,mɝ25lɯ33,ʦʰɝ22,ʦʰɔ33,ʦɿ33,sɔ33,"ʨiɔ22, ʥiɔ22",ʦɯ22,xɯ22,zɯ55khu21,gɔ22,ɕiau33ʑi33,ɣɯ55,ʨʰi33,"ni33bu33, ni33pu33",mu33,ʦʰɿ55,ʦʰɿ55,ɑ21ɣɑ55,tɑ21vu21la44,fu55,vɑ55,kʰui33,ɕi22,a33mi33,a33mio55,lɔ25,---,---,---,---,tha33la33zɔ33,xɑ33,ʑi21pu33,---,ʦɔ22,a33mi33,piɔ33zɔ33zɔ33,---,ŋɔ53,ʨi22,ʨi21kɯ53,ʨi21piɔ53,mu53,ve25lu33,zɿ33,zu33,mio55,ʑi22,ŋɯ22,xɝ22,ȵɑ25,mi33,xɯ22,khe33,liɔ55,lu55,mɝ25,le22,ʨʰi22,ʨʰi33,ȵi53,tu25nɔ53,"ʦɔ33, ʣɔ33",du33,zɝ55,xe33tau53,ʦɝ33,"khɑu55, tɯ55",ve55,pɝ25,"ʨie33, ʨʰiɑu22",mɝ25,kɜ25,kɑ33phi33,"kɝ53, kɝu53",sɔ53,---,ʨhian33,kɑ55,-----,kɯ53kɯ44,-----,die25,se55,kɯ55,---,sɝ53,ʦe25,ʑi25,zɿ55,fɝ55,pʰi25,pʰi25,ʦɿ33,ʦhau33,vɝ33,ʨhu21lu3,khɯ55,sɿ33,phou21,pie25,tɑ33,"lɯ53, ʨo33",ɕi22,"fei55, ʨi25",mu33,tʂhuei33,thɯ25,fu55,ʦhɿ33,zɿ22,lɯ55,kuə53,kɯ25,nɔ33,kɯ21bu33,pi25,lɯ33,xuai55,ɕi53,ɕiau33,mɝ25,ɝ33,"kɔ22, gɔ22",ɣɯ55,vɝ22,vu25,ŋɔ53,pu22,ʦu33,ʦu33,ni33,ʨi55,ȵɔ55,"tɑu25, dɑu25",mɝ25,"tsu21, xɔ21",-----,ve25,tɯ55,ʦhe21,pɯ33,ʨie33,pi33,kɯ55,xua33,ʨi55tsa55,no21tɯ55,mi33,pɯ22,kɝ21ta33,tɯ55,sɿ21,mo25,su53,vɝ25,ɣɯ22,ɕia33,su25,ɝ33,ȵiʵ53,xɯ55,tɝ33,khue33,mo25,tʰɑu22,po33,vei55,nɝ33,kɝ25,nɑ55,tɯ21 dɯ22,ʦu33,ɣai33,lio55,li33,xu53,khɑ33,fɝ55,nɯ55,ʦʰɑu33,sɿ55,li53,nɑ25,pʰi33,"ni33, ȵi33",sɝ53,ʨɑ25,ʦʰɔ33,ʨi53,ʦʰɿ33,khɒ33,fɝ55,pu25,mi55,la55,pi33,ʑiɔ33,ʑi55,vu33,li25,ʨhiuŋ22,ʦu22,tʰɑ33,ŋɑ33,no33,ʑi53,ʦʰɿ22,ȵi22,sɝ33,li33,ŋɔ33,ʨʰiɑu55,sɿ25,xe55,"kɯ33, gɯ33",ʨhi22,ɕio33,ʂuan53,te33
Sani,nɪ21,m11,mɪ44,lo11ʦz33mɒ33,ɬɒ44bɒ33mɒ33,ʨæ33zɒ11,se2,m11dv11,m11ɬɤ55,mɪ44ʨhɪ11,tæ44,m11ɬz33,m11hɒ33,vɒ11,z33,pɤ33,fe55dlɒ33,m11tv55,m55khɯ11,ʂʐ44,ɬz33,ʣz11,xɯ33,lu44mɒ33,qhu2,ɬɒ44,n33,ʦho33,ʦho33phɒ11,do11,o55qo44,ɣɒ11,jɪ2mɪ44,ji44ɬɒ33,sz33,"nɪ55, ʦho33ɬɒ33",sz33m33,nɒ33ʦhz11,kɯ33pɤ33,o55qo11,o55ʦhɤ33,ne44sz11,nɒ44bɪ33,nɒ55po44,n55ȵɒ44,tʂʐ33,ɬɒ33,le2phe44,ɪ11pɪ44,dʐu2,ʦhz11be44,ɣɯ11pv33,qɤ55ʦz33,sz55,---,n44mɒ33,sz11,sz11pæ33mɒ33,ʦz44,v33,mæ55,sɒ11ne44,gv11,ʨæ55,tɬæ33,ɬz11,z11,ɪ44bɒ11,ɪ44mɒ33,ɒ44ɣɯ44,zɒ11,"nɤ44, æ11mæ11",zɒ11tv33,ʣz11tɬe44,ʂʐ55mɒ33,ʦɒ33,ʨhɪ33mɒ33,qɒ11mɒ33,z33mɑ33,ʂɒ44mɒ33,ɒ44nu44mɒ33,m44ɚ33,ʦhz33,ʦhɒ11m33,ʦz33,xɒ11,kɒ33mɒ33,ʦɤ33,hæ33,gɯ11,hæ44qhɒ33,ɬɒ55bæ33,ɣɤ2,ʨhæ33,ŋ11,m55,ʐo33,ʨhi2,je44,tv33le2,ɬɒ33mɒ33,ve2,ʦhz11,ɕɪ33mɒ33,mæ44næ33,ɒ44nu55,lɒ55,z2,ʦhz33lɒ11mɒ33,lɒ33,o55dv11mɒ33,ɒ44ɬɒ33,he44,ʂʐ44phӕ44mɒ33,bv11pɪ55,ŋe33,tɬe55,dlɒ11mɒ33,ɒ44pɒ55mɒ33,ŋɒ55,sz44,bӕ33,phe2ɬɒ11,mɒ44tɒ33,vɪ44ɚ33,sz55,ʣz11,be44,jӕ33,ŋ44,dʐɒ11,n33,mɤ11,xɤ44,"gɒ11,qhɯ2",ɬɑ2,to33,m44,lɪ33,ʦhz33,dʐʐ11,ne44,nɒ44,ʣɒ11,tʂʐ55,ji2,hɤ2,de44n33,"qhu44, dɤ2",vɪ2,bv11,dɤ2,de44,bz11,nӕ55,qɤ33,ʂɒ44,khɯ11,phӕ33,tɬɪ33,"pv44, ʦhɤ33",tʂhɤ44,xɯ55,dӕ11,xɒ11,thv33,bɑ44,sz55,dɑ44,z44,nɤ55,vɑ2,ɬɤ11,je33,ʨi44,tv33,kɒ44,tɪ55,qhɯ2,sz44,phv33,pz55,te44,lӕ44,sz33,dv11,m33,sz33,lu55,ho33,ʦhz11,ʂʐ11,ɬɤ55,qo44,ʦhɑ55,ɣɒ11nɒ44,pɤ44,ʨhe44,ɚ2,"pɒ44ɬӕ55, ɬӕ55",hɪ33,ho33,de44,ʐu44,qɒ33,ӕ55,vӕ33,v11,"ŋɒ55, ʦhz11",ʂu2,tʂo33,tʂo33,ŋӕ33,kɯ55,"ȵe2, ɕi44",du44,m44,hɒ33,pv33,vɪ44,dɤ2,thӕ33ʦhɪ33,lɑ2,ʦz44,tɬɪ33,dɤ11,xwɑ2,ɬe44,nɒ33,(ne44)ŋӕ33,phɤ2,(ʦho33)ʨӕ55,ʨe55,sz33,mo55,so44,gu44,ɣɯ33,sz55,sɑ55,jӕ11,zɒ11,ɕӕ44,n55,"tɬz33, jӕ11",---,thv33,bɒ11,(mɪ44)vz11,(mɪ44)nӕ33,nɒ55,ne55,tɤ33,tv33,qӕ44qu2,lo33,lz11,no55,qe44qu44,fӕ33,z33ʂɤ11,ʦhz33,ɕi2,"ɬz44qɑ2, mo11",ne44,ɬz33,"n44phɤ11, n44je11",ʂʐ44lӕ33,ʥe44,mɤ55,ʨe55,tʂhʐ33,qhɒ11,sz2,bɤ44,n2,lu2,"lo11dlӕ33, dlӕ33",ʐɒ55,jɪ2,v11,ji44,ʂɒ55,bo33,the44,ŋɒ33,n33,khɪ44,thɪ11,n11,sɤ55,ɬz55,ŋɒ55,khu2,sz11,he2,kɯ55,ʦhɪ33,hɒ33,ʦɤ33,mɒ44
Toloza,tho55lo33zɑ33,mv33,mi21,mv53ȵi21,ha33bʊ33,ʨʌ33,---,mv55kɔ33lɔ33mɤ21,mv33ʑi21dʐʌ33,mi21lɤ55,tɤ33pæ33,ŋ21mi55,mv33hɑ33,ɣœ33dʐʌ33,ʑi21,ɣœ33ʣɤ53,væ55,mɒ21to55,mɤ55khɤ53,ʂæ33,ʦhɤ55,dɤ21,ʂʊ33,lɔ33,khɔ33,hɑ33,ȵi55,væ33ʦɿ33,zɑ33bʌ33,mv33gʌ33be33,mie21,ɣɑ33dʐe33,ʐɿ32mæ33khv33,pɿ53ȵi21,ȵi33,ȵi33,mʊ33,ne33ʦhɿ55,gʊ33mʊ33,dʐʅ21,dʐɪ32ʦhɤ33,me33dɤ21,nɑ53ʦv53,nɑ33bʊ55,mv32næ33,sɤ55,lɑ33,le33,hɪ55khɑ33,dʐʊ33,ʨhɿ55be55,v55ʦɿ53,ʥi21,sɿ32,hɪ33,nɤ53mɤ55,sɿ33(pæ33),sɿ33(mv53),ʨi33,ɣv53,ȵi21me55,sɤ33,dʐɿ33,ʨʌ55ʑi21,ʣɿ55,ʦhɿ53,ʂʊ53,bʌ33,mʌ33,a55gɤ35,zɑ33,zæ33mæ33,do21zɑ33,tʂɿ55ʑʌ55,ʂʊ33 tʂhʌ53,ʣɑ21,tʂhɿ55sæ53,gɑ21kɑ21,zɿ33,ʂʌ33,no33,ȵʌ55mv33,ʦhɿ33,ʦhɑ33,dʐɿ21,xɑ33,dʐɤ33mʊ33,gɤ53ʣɤ21,hi33,khɤ53tɤ33,ka55mv55,tʂhɿ33ȵi21,ɣɤ33,ʨhi33zɑ33,ȵi33(pha33ʂæ33),mv33,ʑʊ33,tʂhɿ33,ʑʌ55,le33kɑ33,(ʑʌ33)si55,ve33,khɤ53,ɕi55,ɑ55ȵi33,dʐʌ53mi21,lɑ55,zɿ21,tʂhɿ33,lɑ33,ʔu33dɤ33,tho21lɑ33,hɑ55,hæ33,bɤ33dɤ21,ȵɒ33,ʣɤ21pɑ33lɑ55,dʐʌ53,ʔɔ33pɑ33,ʔɑ55,sɿ55ʣɿ55,sɿ53pv21,(sɿ33)tʂha55,mɑ21,me33vi53,ɕi55ȵi53,tʂhʊ33,"be55, ʨʌ33",ɣæ53,ŋv21,ʣɑ21hæ33,ʣo55,mi33,---,"gɑ21, ---",læ33,lɤ33,"mv53, sɤ33",le21,ʨhɪ33(gʌ21),ʦhɔ21,dʐʌ33,nɑ33,ʣa33,do55,ʐɿ21,hi53,(mv53)ʣæ33,khɔ33,gɔ33,pa21,"pɿ53, dɑ21",ɣœ33ʣɤ33,gɤ53,khɿ33ʦhɿ33,gɔ33uɑ33,khɿ33ʦɿ55,khv33,hv33,"ke33, gɑ32",dɤ21,zɿ53hʌ53,---,tɛ21,sei33,ʦhe33,bæ33,sæ33,khi33,zɿ33,ʦhɿ53,væ33,thɤ53,ʑʌ21,tʂɿ53,"ʦe21, ʣe53, tʂhʊ33",mʊ33,thɪ53,khə55,sɿ33,phv33,tæ33ʦhɿ53,te55,"ʐʊ33, ʨui53",sɿ33,"kæ33, du21",mv55,sæ33,tʂhæ33,ʐuɑ33,ʦhɿ53,ʐʊ33,lɤ55,ʔɔ33,---,"nɑ21, ɕʌ33",gv21mʊ33thæ33,tʂɿ55,tʂhɿ33,pɑ33,sɿ55,"hɪ33, v55ʐɿ55",mæ55,ɣæ33(mi32),tʂhʊ33,khv21,væ33,ɣʌ53,"tʂhɿ21, ɑ55",---,dʐe21,ʥe33,ne33,(pɪ33)kʊ53,ʨhʌ55,dʊ33,mɤ33hɪ33mv55,"(mv55)hɑ33, ʥʌ33",bv21,vi33,dʊ33,ʦhɔ33ʨhi33,dʐʌ33,ʨi55,lʌ33,dɤ53,ʥi33,tɑ33tʂhɿ53,nɑ21,"zɤ55, zɿ53",phɤ55,(ʥi21le33)ʨʌ33,"tʂæ33, tʂæ33",ʂɿ33gʌ21,mʊ33,ɣv33,(tho55ʑi33)vɑ21,ʣɤ21,sɤ33thɤ33,saŋ55,ɣæ33,pɿ53,ɕi33,dɤ21,dʐɿ33,nɤ53,thv33,bʌ33,(dʐa33)ɣɤ33,(dʐa33)næ33,ȵʌ55,na21,bʌ33,dʐʊ53,kɔ53,lɔ21,lɤ55,pæ33,khɑ33ti33,hæ33,ʣɤ53,xe53,ɕi33ɕi21,lɤ55lɤ55,ne55,ʦhɤ33,phɑ33ne33,ʂæ33,khœ33,ʦhɑ33,tʂɿ33,ɕʊ33,gɑ21,sɿ21,bʊ55,mi21,lɔ33gʌ33,ʣɤ55,ʣɿ55,ʑi53,nɤ53,ʂʊ33,ȵʌ55kʊ33,"kʊ33, ʦɑ33",the33,ŋɑ21,ȵi21,ʔi53,ʨhɿ33,ȵi55,sɑ33,lɤ55,ŋʊ33,tʂʊ33,ʂɿ53,hɪ53,khv33,ʦhɿ33,(ʨhɿ33)hɑ33,ʣɤ55,"ʨhɿ33, mɑ21"
WB,"bama saka, myamma saka",mo3,mre2,ne2,lɑ1,krɑj2,ɑ1ŋwe1,mo3khjin3,hljɑp4prɑk4,ŋɑ1ljɑŋ2hlup4,tim2,le2,mo3,shi3hnɑŋ3,re2,tɔŋ2,kɑm3pɑ3prɑt4,mi3,mi3kho3,hrwe2,ŋwe2,kre3,tɵɑm2,kjɔk4,hnɑs4,lɑ1,rɑk4,lu2,lu2kri3,sɑ1kɑ3,ɑ1tɵɑk4,ɑ3,ip4mɑk4,lip4prɑɑ2,nɑt4,tɑs4she2,ɑ1lɔŋ3,she3,koj2,khɔŋ3,shɑṁ2pɑŋ2,mjɑk4se1,hnɑɑ2khɔŋ3,nɑ3,pɑ3sɑp4,tɵwɑ3,hljɑɑ2,lɑk4,bok4,khɑ3,khre2thɔk4,ɑ1ro3,ɑ1re2,tɵwe3,ɑ1sɑɑ2im2,hnɑ1luṁ3,ɑ1tɵɑȵ3,ɑ1shup4,tɵɑȵ3khre2,uu2,ɑ1mri3,mɑi1,ɑ1krɔ3,khjwe3,prɑȵ2,khje3,shi3,ɑ1phe2,ɑ1me2,û3le3,tɵɑ3,tɵɑ1mi3,tu2,"ŋwe2, pok4shɑṁ2",mjo3se1,thɑ3mɑŋ3,sɑ1pɑ3,---,bhɑɑ2li2,gjuṁ2,"pɑi3, pɑi3bi1sɑp4",hmo2,ɑ1shi2khɑi3,shɑ3,ɑ1rɑk4,ɑ1tɵɑ3,lɑm3,tɑm2tɑ3,im2,ku1tɑŋ2,tɑṁ2khɑ3,bhɔŋ3bhi2,ɑp4,khjɑȵ2,nwɑ3,mrɑŋ3,tɵo3,shit4,krɑk4,tɔŋ2pɑṁ2,û1,wɑk4,khwe3,tɵɑn3,krɔŋ2,mjɔk4,kjɑ3,kjɑ3tɵɑs4,khje2,ŋɑj2,mre2khwe3,jun2,krwɑk4,mrwe2,po3,hŋɑk4,son2,pjɑ3,phɑ3,ŋɑ3,tɵɑs4pɑŋ2,ɑ1mrɑs4,ɑ1rwɑk4,wɑ3,ɑ1pwɑŋ1,mrɑk4,shu3,prɔ3,rɑj2,ŋo2,shɑi3,thoŋ2,pit4,hnɑp4hȵɑs4,"wɑ3, kok4",jɑk4,mjo2,hmut4,lɑɑ2,rɔk4,khun2,krɑȵ1,nɑ3thɔŋ2,sɑ3,tɵɔk4,ip4,rɑp4,si3,"shɔŋ3, si3",wɑt4,po3,lɔŋ2,tɑk4,pe3,pjɔk4,kɔk4,hrɑɑ2,kho3,lu1,ɑ1hmi2lok4,ton3,"pun3, hwɑk4",khrɔk4,rok4,"tɵɑt4, pɔ2",tho3,pɑs4,tɵwe3,khut4,phi1,nɑj2,kjɑs4,kjɑs4,jɑk4,nup4,tuṁ3,khɑɑ2,thɔŋ3,krɑt4,hlɑi3,phwɑŋ1,pit4,khji2,lip4,shwɑi3,tu3,lup4,hljo2,kjɔŋ3,sho3,hljɔ2,jo2,hlɑn3,"hluṁ2, kɑŋ2",kjɑp4tok4,nɑ3,lu3hlim1,phri3,khjot4,"lɑi3hlɑj2, lɑi3",rwe3,mwe3,(twɑ3)tɵwɑ3,kri3,kɑ1sɑ3,khɔ2,wɑj2,rɔŋ3,"hŋɑ3, khje3",krwe3tɑŋ2,hri1,twɑŋ2… hri1,"hut4, phrɑs4",tɑt4,kɑp4,pɔ2thon3,tok4,rwɑɑ2,pɔ2,pwɑŋ1,tɵi3,kjɑ1,pro2,tɑŋ2,pjɑṁ2,tut4,pjɔ2,shu2,phjɑ3,mu3,rɔŋ2,ku3sɑk4,"khjɑk4; kjo2, prut4",tɵe2,sɑɑ2tɵɑŋ2,tɵɑŋ2,re3,re2,shɑŋ2,"sɑɑ2tɵɑŋ2, tɵi1",kri3,ŋɑj2,hrɑȵ2,to2,tup4,tɵe3,thu2,pɑ3,we3,ni3,mjɑ3,nɑk4,tin2,"prɔŋ1, mɑt4",kɔk4,pɔ1,le3,pjɔ1,mɑɑ2,khrɔk4,so2,shu2,tɵɑs4,hɔŋ3,nɑk4,phru2,ni2,wɑɑ2,"ê3, khjɑm3",ok4,khjɑȵ2,khjo2,"khɑ3, ŋɑṁ2",re2ŋɑt4,wɑ1,shɑɑ2,lɔk4,prɑȵ1,jɑ3,mu3,ru3,khjɔ3,"khjɑm3tɵɑ2, the3",shɑŋ3jɑi3,thɑk4,ŋɑɑ2,mɑŋ3,tɵu2,tɑs4,hnɑs4,tɵuṁ3,le3,ŋɑ3,khrɔk4,khu1hnɑs4,hrɑs4,ko3,shɑj2,(tɑs4)rɑɑ2,"rɑṁ2, suṁ2",jɔk4
Zaiwa,ʦau31va51,mau21khuŋ51,mji51kuŋ51,pui51,lo55mo55,ʦhi55ʐum31,soʔ55,mau21mjiŋ51,lap55ʧhik55,lă21jaŋ51nun55,mut55mau55,lai55,mau21,kjoʔ21,vui51,pum51,kam21pjoʔ55,mji21,mji21khau21,xiŋ51,ŋun51,kji21,ʃam51toʔ55,luʔ21pjoʔ55,ʦan51,lŏ55mo55,ŋji55,pju51,ko21paŋ21,taŋ21,kaŋ51,vum21,jup55moʔ21,sĕ21pjo51,phan51ʦau21,nat21,maŋ51,ʧhi21,kuŋ51tu21,u21lum21,u21ʦham51,mjoʔ21ʧi55,no51,nŏ21phjo21,nut55,ʦui51,ʃo51,loʔ21,vam21,phji21tum21,khji51,ʃŏ21vui21,ʃŏ21ku55,sui21,khji21pham21,nik55lum21,siŋ21,ʦut55,siŋ21khji51,u51,ʃŏ21mji21,ŋĕ55me55xi55,ʃŏ21kji21,pui51pu51,pjiŋ51viŋ21,khji21,i21,a55va21,a55nu21,a55ʦa21,juʔ21ke51ʦo21,mji21ve21ʦo21,"ʦo21, i55ʦo21",ŋun51,a21mji21,ʦaŋ21,"jŏ21thuŋ21kuʔ21, ʧhin51",khjau55,mə55ja21sat55,mə55ja21ŋjaŋ21,nuʔ21,mau51lu51,ʦhu51,"i55ʧum21, i55ʦho55",i51,ʃo21,khjo51,ʦam51,jum51,ku55,khum21,lo21,ap55,khjiŋ51,no21,mjaŋ21,sau21mji55,pai21nam55,voʔ21,tuŋ51,a21u55,vaʔ21,khui21,ʃin21,lă21ŋjau55,mjuʔ21,lo21mo55,lo21,ʧi21ʧhi51,---,tan55khui21,paŋ55tai51,ŋĕ21noʔ21,laŋ51mui51,pau21,ŋoʔ55,ʦun51,pjŏ21jaŋ21,pŏ21kjek55,ŋŏ21ʦo21,sik55,mɛt55,a21xaʔ55,va21,pan21,nam21,ʦu21,tai21,vui51,ŋau51,niŋ21,ʦuŋ51,(loʔ55)mji21,khjui21,"ne21, ŋat21",joʔ21,mji51,mut21,le55,ʧe55,"kɔ55, tui51",vu55,kjo21,ʦo21,ʃuʔ55,jup55,jap55,ʧi21,ʦuŋ21,vut21,num51thaŋ55,"tap55, ŋje55",toʔ21,pji21,phjuʔ55pjam55,kui51,xo51,khau21,lu55,khat55,ʧun21,"xaʔ55kop21, xaʔ55",kjuʔ55,"pat21, pat21lum21",sat21,thau21,pik21,sui21,thuʔ55,ne55,nai21,ʃum55,nik21,ʒaŋ55,nut21,vuʔ21,ʃai55,thuŋ21,khu21,sat21,"phoŋ55, phik55",mji21,pun55,tiŋ21,ʃe51,khai21,ʦui21,ʧoi55,no21mjaŋ21ʦuŋ55,ʦhau21,ʧhi21,jui51,lap55,kɑŋ51,ʦun21,no21,lik55,kjoʔ55,khjut55,"thai55lum21, thai55",kjin51thoʔ55ju51,ʦo21,to21,ko21,nji51kun55,puk55,vui51,uŋ21,"ʧi21, ŋo21",ʧin51tap21,"vo55, po51",ŋji51,ŋut55,tat21,tap21,thoʔ55,xik55,vo51,mju21,po55,ʦui21,kjo55,leŋ21,tho21,taŋ21,pat55,pji51,ʦu51,no51,vun21,vam21,toʔ55,ʧoʔ55,ʃi51,moʔ55pji21,moʔ55,ka55,ŋap55,tut21,se55,ko21,tiʔ55,xiŋ51,tot21,ko21,ʦai55,thu51,jam55,ve21,ʧaŋ55,mjo21,nik21,a21nik21,ŋjaŋ51,koi55,som21,lai21,ŋjom55,than51,xui55,teʔ55,ʦhu51,a21sik55,a21ʦhau21,noʔ21,phju51,ne51,xui51,kjoʔ21,ŋje55,ʧin51,ʧhui21,kho21,vui51sit55,kji21,mut21,ŋap21,pjiŋ55,jo21,vut21,na21,tauʔ31ʧɔt55,mjuŋ51,vo55,thoʔ55,ŋo51,naŋ51,jaŋ21,"ʒa21, lă21",i55,sum21,mji21,ŋo21,khjuʔ55,ŋjit55,ʃit55,kau21,ʦhe51,ʃo51,ʦum55,juʔ21
Zuoke,dzu21khʊ33,mu44,mi33,ni55gi21mɒ33,lɒ33bʊ33mɒ33,ʨi33mɒ33,---,mu44ɣɯ44,mu44ʑi21ʑi21,mi33ŋɯ33ŋɯ33,mu44ko55,---,mu44,vo33,ʑi21,bʊ21,va55gɒ44mɒ33,bi33to55,bi33khu44(sa55),ɕɿ33,ʔɒ55khu21,thʊ21,xʊ33,lo21mɒ33,kho44,mɒ21,ni33,ʦhɯ21,ʦhɯ21ʑi44mɒ33,ba21ʥi35,ʔɪ55kɯ33,ɣɒ21ɒ44,ʑi44ma21,nɒ33,ɕɪ33,na21nu33,ɕi33mɒ21dʊ44,nɒ33ʨhi44,mɒ21dʊ44,ʔɪ55ko55,ʔɪ55ʦhu21,na13ɕi55,nɒ33mɒ33,na55ko55,ni44ku33,sɿ55mɒ21,lɒ33bɪ33,la44pɯ55,ɣʊ35mɒ33,ʣo44mɒ33,ʨhi21pɯ55,ʔɒ33vu44,gi21(mi55),ɕi55,ʑi35mɒ33,ni33mɒ33,ka44,ʨe44po55,ki33,vu21,mi55,ʥi35ɕi55mɑ21mi55,ʔɒ33ʣɿ44,ʔo55ʑi21,gi21,khi44,ʑi44,ʔɒ55bɒ44,ʔɒ55mɒ44,ʔɒ5vu33,zɒ44,zɒ44mi44,zɒ44du21ɒ44,ʥi44ka33,ʔɒ33su55,ʣɒ21,(tɪ33ɣɒ33)ʨhi21,gɒ35,ʔɒ55zu33,ʔɒ55xɒ55,ʔa55no21,ʔo55mu21,ʔɒ33ʨhi21,ʦhɒ44mu33,ʔɒ55ʥi21,ʔɒ33xɒ55,ʣɒ21dɯ44,ʣʊ21,ʑɪ33,ʑɪ44khi21,gɑ33pɪ55,lɒ55bi44,ɣo44,ʦa33,ni44,(ʔɒ55lɒ33)mu44,me21ʑa21,me33le33,za21,du21la44kha44,(za21)ʔɯ33,va44,ʨhi44,ɕi33,ʔɒ55nɪ55,ʔa55no44,ʔɒ55nɒ55bi44mɒ33,ʔa55ʑi44,ʔɒ55ʨhi21,ʔɒ55lɒ33,ʔɒ55dɯ35,thɯ44lɒ44,ɣa33(ɕi33),ɕe33na33,---,ɣa33zɒ44,ka55,gɒ44(ʑi44),ʔa55pa55,ŋɒ55,ɕi33,ɕi33ʨhɪ21pha21,(ɕi33)kha44,mɒ33tɒ33,ʔa55vi21,xɪ55mɒ33,ʣɿ44ka55,ba21,ʑi21,mu21,ʦhɒ35,ʔɪ55na21,mi33,ɕi33,"gɒ35, ʦhə44",ne44,"thɯ44, dɯ21","mi21, ɕi33",lɪ21,kə33,ʨi55,na21,"ʣɿ44, mɯ55",ʣɒ44,dɯ21,ʑi44tɒ55,ɣɯ35na21,ʣɿ44,də44,gɒ44,bu33,"kʊ55, gɒ21",da21,bi44,ni55pɯ55,kʊ33lɒ55,---,khu44,phi21,ga35,pu33,no33,"ʦo33, ʣo21",dɯ33,xɒ55,lo44,bɑ21,ɕi55,ʥi21,ʑi21,zo44,ve44,khe44,ɣa44,ʨi33,ʦho21,ʨi33,ti55,no55,ɕi33,khɯ33,tɪ55,ta33,"tʊ33, ʦho21",ɕɪ21,ke55,"mu21, gɯ33",ɕi33,lo55,ɣɯ33,ʨhi44,ʣɒ21,lo55,lʊ21,fə33,nɒ44lɒ55,ʑi44kɯ55po33,ʦha21,li44,pɒ33ni55,sɿ33,nu33,dʊ35,kɒ55,(ʦhɒ33)gɒ33,ʔɯ33,vi21,vu44,"ŋɒ55, ʨhi44",ʦhɒ44,bɯ33,ʣɯ44,ʑe21,ki55,na55,do21,mi21,gɒ33,bu21,ve33,də44,"bi21, ʨhi21",ʣu44kɯ33,ʨi33,gu21,ʨɪ55,gɛ21,gi21,nɒ21,---,pho44,ʦɿ55lɪ21,ʦa55,xie13(zɔ44),mɯ55,sɿ33,go21,ɣɯ33,ti55,"du35lu33, ga21",ʑi44,zɯ33,xɪ33,ŋɪ55,dʊ44,ʨhɿ21,thu21,bɒ44,xɪ33,ŋɪ55,nɒ44,na55,ma44na55,tu33,go44,lɪ21,nɪ44,nɯ44,kha21,ʦho21,ʥɿ44,"gu35, pɿ44",ɕi55,mɯ44,na21,khu21,nɯ33,ɕɪ33,ʣa21,nu33,ʨi33,ʦhu21,khɒ44,ɕi55,bo21,ŋe44,lo44ʨɪ33,gɪ33,nɒ44,bo21,ɣɯ44lɪ21,ʑi21,sɒ55,bɯ33,tha21,ŋɒ21,ni21,ʔɒ33,thɒ44,ne44,sʊ33,li33,ŋɒ44,ʦhu44,ɕi55,ʑi35,ku33,ʦhɯ21,ɣɒ21,ʣʊ33,"ɣo21, pɒ55"
